Well,Well96,PCR_Replicate,Plate,SampleName,SampleCode,SampleNameFull,Omit,Sample,Target,Task,Dyes,Cq,Cq.Conf,Amp.Score,Amp.Status,Annotated,Baseline.Start,Baseline.End,Curve.Quality,Result.Quality.Issues
A1,A1,Rep1,Plate3,D07_OF_R3,3-1-14,D07_OF_R3_Rep1,false,Sample,16S,Unknown,SYBR,13.324522886010133,0.920272592239945,3.48772700260777,Amp,false,3,7,NA,NA
A10,A5,Rep2,Plate3,D04_ZF_R3,3-1-10,D04_ZF_R3_Rep2,false,Sample,16S,Unknown,SYBR,15.185452510040601,0.857660580575703,NA,Amp,false,3,8,NA,NA
A11,A6,Rep1,Plate3,NCO_B4_R3,3-4-9,NCO_B4_R3_Rep1,false,Sample,16S,Unknown,SYBR,22.585730877887244,0.8907839601484,3.46645656933516,Amp,false,3,12,NA,NA
A12,A6,Rep2,Plate3,NCO_B4_R3,3-4-9,NCO_B4_R3_Rep2,false,Sample,16S,Unknown,SYBR,24.259528567946447,0.911363835364256,3.47524790230225,Amp,false,3,13,NA,NA
A13,A7,Rep1,Plate3,D03_OF_R3,3-1-4,D03_OF_R3_Rep1,false,Sample,16S,Unknown,SYBR,23.691410561478428,0.933349733391932,3.46649195657823,Amp,false,3,13,NA,NA
A14,A7,Rep2,Plate3,D03_OF_R3,3-1-4,D03_OF_R3_Rep2,false,Sample,16S,Unknown,SYBR,24.198553554162274,0.923020441800018,3.45661235956968,Amp,false,3,13,NA,NA
A15,A8,Rep1,Plate3,D02_OR_R3,3-4-4,D02_OR_R3_Rep1,false,Sample,16S,Unknown,SYBR,11.476970707409006,0.924992173926223,3.50433966906657,Amp,false,3,6,NA,NA
A16,A8,Rep2,Plate3,D02_OR_R3,3-4-4,D02_OR_R3_Rep2,false,Sample,16S,Unknown,SYBR,11.65084281920128,0.925418947233212,3.47813764273936,Amp,false,3,6,NA,NA
A17,A9,Rep1,Plate3,PCO_B4_R3,3-4-10,PCO_B4_R3_Rep1,false,Sample,16S,Unknown,SYBR,13.708808358453364,0.952543967888972,3.47714413842029,Amp,false,3,8,NA,NA
A18,A9,Rep2,Plate3,PCO_B4_R3,3-4-10,PCO_B4_R3_Rep2,false,Sample,16S,Unknown,SYBR,13.46425877571697,0.955163196611975,3.48851529075761,Amp,false,3,8,NA,NA
A19,A10,Rep1,Plate3,D09_OR_R3,3-3-12,D09_OR_R3_Rep1,false,Sample,16S,Unknown,SYBR,12.44076119762003,0.869864103719281,3.47660689978152,Amp,false,3,7,NA,NA
A2,A1,Rep2,Plate3,D07_OF_R3,3-1-14,D07_OF_R3_Rep2,false,Sample,16S,Unknown,SYBR,14.218642627683778,0.99305851780478,3.37991782881988,Amp,false,3,8,NA,NA
A20,A10,Rep2,Plate3,D09_OR_R3,3-3-12,D09_OR_R3_Rep2,false,Sample,16S,Unknown,SYBR,12.486822564172002,0.916625481828947,3.46796544965889,Amp,false,3,7,NA,NA
A21,A11,Rep1,Plate3,D04_ZH_R3,3-4-19,D04_ZH_R3_Rep1,false,Sample,16S,Unknown,SYBR,15.905136465720911,0.899957854044036,NA,Amp,false,3,9,NA,NA
A22,A11,Rep2,Plate3,D04_ZH_R3,3-4-19,D04_ZH_R3_Rep2,false,Sample,16S,Unknown,SYBR,Undetermined,0,NA,Inconclusive,false,3,39,NA,NA
A23,A12,Rep1,Plate3,D07_ZR_R3,3-3-18,D07_ZR_R3_Rep1,false,Sample,16S,Unknown,SYBR,14.44852000359732,0.944774965052485,3.49266564244743,Amp,false,3,8,NA,NA
A24,A12,Rep2,Plate3,D07_ZR_R3,3-3-18,D07_ZR_R3_Rep2,false,Sample,16S,Unknown,SYBR,14.19688923411184,0.878383155122914,3.48750979233049,Amp,false,3,8,NA,NA
A3,A2,Rep1,Plate3,buffer_1,NA,buffer_1_Rep1,false,Sample,16S,Unknown,SYBR,25.17902811676121,0.992079907044336,3.39588983688593,Amp,false,3,15,NA,NA
A4,A2,Rep2,Plate3,buffer_1,NA,buffer_1_Rep2,false,Sample,16S,Unknown,SYBR,25.699274433084042,0.991879888151231,3.40059976666591,Amp,false,3,14,NA,NA
A5,A3,Rep1,Plate3,D02_ZH_R3,3-2-1,D02_ZH_R3_Rep1,false,Sample,16S,Unknown,SYBR,17.85859327897029,0.992563011701476,NA,Amp,false,3,9,NA,NA
A6,A3,Rep2,Plate3,D02_ZH_R3,3-2-1,D02_ZH_R3_Rep2,false,Sample,16S,Unknown,SYBR,Undetermined,0,NA,Inconclusive,false,3,39,NA,NA
A7,A4,Rep1,Plate3,D06_NF_R3,3-1-15,D06_NF_R3_Rep1,false,Sample,16S,Unknown,SYBR,8.1879331263838,0.953869389054434,3.41922433933294,Amp,false,3,4,NA,NA
A8,A4,Rep2,Plate3,D06_NF_R3,3-1-15,D06_NF_R3_Rep2,false,Sample,16S,Unknown,SYBR,8.51401617258076,0.946783219884452,3.37004056797132,Amp,false,3,4,NA,NA
A9,A5,Rep1,Plate3,D04_ZF_R3,3-1-10,D04_ZF_R3_Rep1,false,Sample,16S,Unknown,SYBR,15.732874673838843,0.989489256095561,NA,Amp,false,3,8,NA,NA
B1,A1,Rep3,Plate3,D07_OF_R3,3-1-14,D07_OF_R3_Rep3,false,Sample,16S,Unknown,SYBR,13.595439874897345,0.911564194110868,3.46614203093957,Amp,false,3,8,NA,NA
B10,A5,Rep4,Plate3,D04_ZF_R3,3-1-10,D04_ZF_R3_Rep4,true,Sample,16S,Unknown,SYBR,Undetermined,0,2.27095218754223,No Amp,false,3,12,NA,NA
B11,A6,Rep3,Plate3,NCO_B4_R3,3-4-9,NCO_B4_R3_Rep3,false,Sample,16S,Unknown,SYBR,23.854775417672165,0.899479711389213,3.4558452789607,Amp,false,3,13,NA,NA
B12,A6,Rep4,Plate3,NCO_B4_R3,3-4-9,NCO_B4_R3_Rep4,true,Sample,16S,Unknown,SYBR,Undetermined,0,2.26583803057221,No Amp,false,3,10,NA,NA
B13,A7,Rep3,Plate3,D03_OF_R3,3-1-4,D03_OF_R3_Rep3,false,Sample,16S,Unknown,SYBR,25.544389699407105,0.949350285329113,3.44399601351098,Amp,false,3,14,NA,NA
B14,A7,Rep4,Plate3,D03_OF_R3,3-1-4,D03_OF_R3_Rep4,true,Sample,16S,Unknown,SYBR,Undetermined,0,2.2625013359731,No Amp,false,3,22,NA,NA
B15,A8,Rep3,Plate3,D02_OR_R3,3-4-4,D02_OR_R3_Rep3,false,Sample,16S,Unknown,SYBR,11.84770072837129,0.927854902165279,3.47208569925032,Amp,false,3,6,NA,NA
B16,A8,Rep4,Plate3,D02_OR_R3,3-4-4,D02_OR_R3_Rep4,true,Sample,16S,Unknown,SYBR,Undetermined,0,2.28757713766171,No Amp,false,3,11,NA,NA
B17,A9,Rep3,Plate3,PCO_B4_R3,3-4-10,PCO_B4_R3_Rep3,false,Sample,16S,Unknown,SYBR,13.58183327682562,0.96717940567319,3.48069630146963,Amp,false,3,8,NA,NA
B18,A9,Rep4,Plate3,PCO_B4_R3,3-4-10,PCO_B4_R3_Rep4,true,Sample,16S,Unknown,SYBR,Undetermined,0,2.2207977419304,No Amp,false,3,11,NA,NA
B19,A10,Rep3,Plate3,D09_OR_R3,3-3-12,D09_OR_R3_Rep3,false,Sample,16S,Unknown,SYBR,12.43297387359705,0.882182809581924,3.47402271031935,Amp,false,3,7,NA,NA
B2,A1,Rep4,Plate3,D07_OF_R3,3-1-14,D07_OF_R3_Rep4,true,Sample,16S,Unknown,SYBR,Undetermined,0,NA,No Amp,false,3,39,NA,NA
B20,A10,Rep4,Plate3,D09_OR_R3,3-3-12,D09_OR_R3_Rep4,true,Sample,16S,Unknown,SYBR,Undetermined,0,2.18004993612528,No Amp,false,3,12,NA,NA
B21,A11,Rep3,Plate3,D04_ZH_R3,3-4-19,D04_ZH_R3_Rep3,false,Sample,16S,Unknown,SYBR,15.888269116247702,0.873566453200346,NA,Amp,false,3,9,NA,NA
B22,A11,Rep4,Plate3,D04_ZH_R3,3-4-19,D04_ZH_R3_Rep4,true,Sample,16S,Unknown,SYBR,Undetermined,0,2.19812474432213,No Amp,false,3,13,NA,NA
B23,A12,Rep3,Plate3,D07_ZR_R3,3-3-18,D07_ZR_R3_Rep3,false,Sample,16S,Unknown,SYBR,14.51098362063232,0.892084816528858,3.47715547080984,Amp,false,3,8,NA,NA
B24,A12,Rep4,Plate3,D07_ZR_R3,3-3-18,D07_ZR_R3_Rep4,true,Sample,16S,Unknown,SYBR,Undetermined,0,2.21113688494239,No Amp,false,3,39,NA,NA
B3,A2,Rep3,Plate3,buffer_1,NA,buffer_1_Rep3,false,Sample,16S,Unknown,SYBR,21.475289957524232,0.991642234397955,3.36644008931429,Amp,false,3,11,NA,NA
B4,A2,Rep4,Plate3,buffer_1,NA,buffer_1_Rep4,true,Sample,16S,Unknown,SYBR,Undetermined,0,2.14082768623585,No Amp,false,3,39,NA,NA
B5,A3,Rep3,Plate3,D02_ZH_R3,3-2-1,D02_ZH_R3_Rep3,false,Sample,16S,Unknown,SYBR,17.715763332361547,0.9676683281773,NA,Amp,false,3,10,NA,NA
B6,A3,Rep4,Plate3,D02_ZH_R3,3-2-1,D02_ZH_R3_Rep4,true,Sample,16S,Unknown,SYBR,Undetermined,0,NA,No Amp,false,3,18,NA,NA
B7,A4,Rep3,Plate3,D06_NF_R3,3-1-15,D06_NF_R3_Rep3,false,Sample,16S,Unknown,SYBR,8.2251173307221,0.954259877148757,3.41582677431257,Amp,false,3,4,NA,NA
B8,A4,Rep4,Plate3,D06_NF_R3,3-1-15,D06_NF_R3_Rep4,true,Sample,16S,Unknown,SYBR,Undetermined,0,2.03462687715434,No Amp,false,3,7,NA,NA
B9,A5,Rep3,Plate3,D04_ZF_R3,3-1-10,D04_ZF_R3_Rep3,false,Sample,16S,Unknown,SYBR,15.220899903550468,0.868173545014658,3.46692103490401,Amp,false,3,8,NA,NA
C1,B1,Rep1,Plate3,standardB_100,000,NA,standardB_100,000_Rep1,false,Sample,16S,Unknown,SYBR,16.468279929752434,0.985856452090917,3.42844108252809,Amp,false,3,9,NA,NA
C10,B5,Rep2,Plate3,standardB_1,000,NA,standardB_1,000_Rep2,false,Sample,16S,Unknown,SYBR,9.388815211570488,0.995418465505552,3.47871222852531,Amp,false,3,5,NA,NA
C11,B6,Rep1,Plate3,D01_OH_R3,3-2-3,D01_OH_R3_Rep1,false,Sample,16S,Unknown,SYBR,11.830405910616058,0.92291063993241,3.4504178408395,Amp,false,3,6,NA,NA
C12,B6,Rep2,Plate3,D01_OH_R3,3-2-3,D01_OH_R3_Rep2,false,Sample,16S,Unknown,SYBR,11.894894719297785,0.926890584304213,3.45634864387555,Amp,false,3,6,NA,NA
C13,B7,Rep1,Plate3,D03_OR_R3,3-1-6,D03_OR_R3_Rep1,false,Sample,16S,Unknown,SYBR,12.861720399694878,0.921768255389402,3.44937956161416,Amp,false,3,7,NA,NA
C14,B7,Rep2,Plate3,D03_OR_R3,3-1-6,D03_OR_R3_Rep2,false,Sample,16S,Unknown,SYBR,12.640560034350496,0.832749180445441,3.48015793449337,Amp,false,3,7,NA,NA
C15,B8,Rep1,Plate3,D09_OH_R3,3-2-20,D09_OH_R3_Rep1,false,Sample,16S,Unknown,SYBR,9.384504575596932,0.728948327340679,3.49301512449311,Amp,false,3,5,NA,NA
C16,B8,Rep2,Plate3,D09_OH_R3,3-2-20,D09_OH_R3_Rep2,false,Sample,16S,Unknown,SYBR,9.65207798174604,0.771224859466895,3.46178579264075,Amp,false,3,5,NA,NA
C17,B9,Rep1,Plate3,standardB_10,000,000,NA,standardB_10,000,000_Rep1,false,Sample,16S,Unknown,SYBR,21.48858676639803,0.774932987680919,3.45880523662406,Amp,false,3,12,NA,NA
C18,B9,Rep2,Plate3,standardB_10,000,000,NA,standardB_10,000,000_Rep2,false,Sample,16S,Unknown,SYBR,22.00681132793749,0.81751796620189,3.46739200348239,Amp,false,3,12,NA,NA
C19,B10,Rep1,Plate3,standardF_10,000,000,NA,standardF_10,000,000_Rep1,false,Sample,16S,Unknown,SYBR,21.24716168848446,0.930499564217222,3.47451165610857,Amp,false,3,12,NA,NA
C2,B1,Rep2,Plate3,standardB_100,000,NA,standardB_100,000_Rep2,false,Sample,16S,Unknown,SYBR,18.469488176833238,0.988999247174726,3.17777658065078,Amp,false,3,9,NA,NA
C20,B10,Rep2,Plate3,standardF_10,000,000,NA,standardF_10,000,000_Rep2,false,Sample,16S,Unknown,SYBR,20.74187277753795,0.90011324565573,3.47240958466518,Amp,false,3,11,NA,NA
C21,B11,Rep1,Plate3,buffer_2,NA,buffer_2_Rep1,false,Sample,16S,Unknown,SYBR,25.600968046710577,0.942616784579204,3.46270819866637,Amp,false,3,16,NA,NA
C22,B11,Rep2,Plate3,buffer_2,NA,buffer_2_Rep2,false,Sample,16S,Unknown,SYBR,24.166838189955186,0.807832895657332,3.47283057183447,Amp,false,3,13,NA,NA
C23,B12,Rep1,Plate3,D09_NF_R3,3-4-17,D09_NF_R3_Rep1,false,Sample,16S,Unknown,SYBR,10.92009372736235,0.898286451703291,3.4843240329052,Amp,false,3,6,NA,NA
C24,B12,Rep2,Plate3,D09_NF_R3,3-4-17,D09_NF_R3_Rep2,false,Sample,16S,Unknown,SYBR,11.306107246772548,0.918531109731829,3.45949393766656,Amp,false,3,6,NA,NA
C3,B2,Rep1,Plate3,D06_OF_R3,3-4-3,D06_OF_R3_Rep1,false,Sample,16S,Unknown,SYBR,10.91647106934522,0.986994811088483,3.20708414025399,Amp,false,3,5,NA,NA
C4,B2,Rep2,Plate3,D06_OF_R3,3-4-3,D06_OF_R3_Rep2,false,Sample,16S,Unknown,SYBR,10.078835596984298,0.94044377878257,3.40762801274593,Amp,false,3,5,NA,NA
C5,B3,Rep1,Plate3,D05_ZR_R3,3-1-3,D05_ZR_R3_Rep1,false,Sample,16S,Unknown,SYBR,16.449398934832153,0.961413867820104,NA,Amp,false,3,9,NA,NA
C6,B3,Rep2,Plate3,D05_ZR_R3,3-1-3,D05_ZR_R3_Rep2,false,Sample,16S,Unknown,SYBR,16.385256889558185,0.991093694954986,NA,Amp,false,3,9,NA,NA
C7,B4,Rep1,Plate3,standardF_10,NA,standardF_10_Rep1,false,Sample,16S,Unknown,SYBR,Undetermined,0,NA,Inconclusive,false,3,39,NA,NA
C8,B4,Rep2,Plate3,standardF_10,NA,standardF_10_Rep2,false,Sample,16S,Unknown,SYBR,Undetermined,0,NA,Inconclusive,false,3,39,NA,NA
C9,B5,Rep1,Plate3,standardB_1,000,NA,standardB_1,000_Rep1,false,Sample,16S,Unknown,SYBR,9.272466725120466,0.99175225666109,3.45485701028981,Amp,false,3,5,NA,NA
D1,B1,Rep3,Plate3,standardB_100,000,NA,standardB_100,000_Rep3,false,Sample,16S,Unknown,SYBR,16.782209501309737,0.99170362267667,3.42172853205804,Amp,false,3,10,NA,NA
D10,B5,Rep4,Plate3,standardB_1,000,NA,standardB_1,000_Rep4,true,Sample,16S,Unknown,SYBR,Undetermined,0,2.35754719700612,No Amp,false,3,12,NA,NA
D11,B6,Rep3,Plate3,D01_OH_R3,3-2-3,D01_OH_R3_Rep3,false,Sample,16S,Unknown,SYBR,11.870253348264423,0.715630234534646,3.46412465218017,Amp,false,3,6,NA,NA
D12,B6,Rep4,Plate3,D01_OH_R3,3-2-3,D01_OH_R3_Rep4,true,Sample,16S,Unknown,SYBR,Undetermined,0,2.33028838056646,No Amp,false,3,13,NA,NA
D13,B7,Rep3,Plate3,D03_OR_R3,3-1-6,D03_OR_R3_Rep3,false,Sample,16S,Unknown,SYBR,12.798038484412356,0.919921386073428,3.46530611664217,Amp,false,3,7,NA,NA
D14,B7,Rep4,Plate3,D03_OR_R3,3-1-6,D03_OR_R3_Rep4,true,Sample,16S,Unknown,SYBR,Undetermined,0,2.39730141772827,No Amp,false,3,10,NA,NA
D15,B8,Rep3,Plate3,D09_OH_R3,3-2-20,D09_OH_R3_Rep3,false,Sample,16S,Unknown,SYBR,9.420340433113548,0.716374664545835,3.48622379046329,Amp,false,3,5,NA,NA
D16,B8,Rep4,Plate3,D09_OH_R3,3-2-20,D09_OH_R3_Rep4,true,Sample,16S,Unknown,SYBR,Undetermined,0,2.34211611979547,No Amp,false,3,10,NA,NA
D17,B9,Rep3,Plate3,standardB_10,000,000,NA,standardB_10,000,000_Rep3,false,Sample,16S,Unknown,SYBR,21.656021289942103,0.924368924320464,3.46462367275231,Amp,false,3,12,NA,NA
D18,B9,Rep4,Plate3,standardB_10,000,000,NA,standardB_10,000,000_Rep4,true,Sample,16S,Unknown,SYBR,Undetermined,0,2.26809529418666,No Amp,false,3,25,NA,NA
D19,B10,Rep3,Plate3,standardF_10,000,000,NA,standardF_10,000,000_Rep3,false,Sample,16S,Unknown,SYBR,20.436466856463063,0.913166811315018,3.46225163885506,Amp,false,3,11,NA,NA
D2,B1,Rep4,Plate3,standardB_100,000,NA,standardB_100,000_Rep4,true,Sample,16S,Unknown,SYBR,Undetermined,0,2.21363652402842,No Amp,false,3,39,NA,NA
D20,B10,Rep4,Plate3,standardF_10,000,000,NA,standardF_10,000,000_Rep4,true,Sample,16S,Unknown,SYBR,Undetermined,0,2.27018096807576,No Amp,false,3,21,NA,NA
D21,B11,Rep3,Plate3,buffer_2,NA,buffer_2_Rep3,false,Sample,16S,Unknown,SYBR,23.94792552751489,0.927010747502722,3.45541490960404,Amp,false,3,13,NA,NA
D22,B11,Rep4,Plate3,buffer_2,NA,buffer_2_Rep4,true,Sample,16S,Unknown,SYBR,Undetermined,0,2.32898093974545,No Amp,false,3,26,NA,NA
D23,B12,Rep3,Plate3,D09_NF_R3,3-4-17,D09_NF_R3_Rep3,false,Sample,16S,Unknown,SYBR,11.19794013837111,0.915760712847078,3.48540693181207,Amp,false,3,6,NA,NA
D24,B12,Rep4,Plate3,D09_NF_R3,3-4-17,D09_NF_R3_Rep4,true,Sample,16S,Unknown,SYBR,Undetermined,0,2.22522535599657,No Amp,false,3,10,NA,NA
D3,B2,Rep3,Plate3,D06_OF_R3,3-4-3,D06_OF_R3_Rep3,false,Sample,16S,Unknown,SYBR,9.362497357115888,0.940658281762019,3.51053617735361,Amp,false,3,5,NA,NA
D4,B2,Rep4,Plate3,D06_OF_R3,3-4-3,D06_OF_R3_Rep4,true,Sample,16S,Unknown,SYBR,Undetermined,0,2.18722122275561,No Amp,false,3,12,NA,NA
D5,B3,Rep3,Plate3,D05_ZR_R3,3-1-3,D05_ZR_R3_Rep3,false,Sample,16S,Unknown,SYBR,15.955502192851675,0.911086079356169,NA,Amp,false,3,9,NA,NA
D6,B3,Rep4,Plate3,D05_ZR_R3,3-1-3,D05_ZR_R3_Rep4,true,Sample,16S,Unknown,SYBR,Undetermined,0,2.31687179495633,No Amp,false,3,39,NA,NA
D7,B4,Rep3,Plate3,standardF_10,NA,standardF_10_Rep3,false,Sample,16S,Unknown,SYBR,Undetermined,0,NA,Inconclusive,false,3,39,NA,NA
D8,B4,Rep4,Plate3,standardF_10,NA,standardF_10_Rep4,true,Sample,16S,Unknown,SYBR,Undetermined,0,2.16655920310901,No Amp,false,3,39,NA,NA
D9,B5,Rep3,Plate3,standardB_1,000,NA,standardB_1,000_Rep3,false,Sample,16S,Unknown,SYBR,9.31028995006334,0.99530283447492,3.47750377834267,Amp,false,3,5,NA,NA
E1,C1,Rep1,Plate3,D03_ZH_R3,3-3-14,D03_ZH_R3_Rep1,false,Sample,16S,Unknown,SYBR,14.638370188559698,0.947206541640381,3.44106871394005,Amp,false,3,8,NA,NA
E10,C5,Rep2,Plate3,standardF_10,000,NA,standardF_10,000_Rep2,false,Sample,16S,Unknown,SYBR,11.476286121235315,0.991541550670114,3.46550289815712,Amp,false,3,6,NA,NA
E11,C6,Rep1,Plate3,D03_ZR_R3,3-3-9,D03_ZR_R3_Rep1,false,Sample,16S,Unknown,SYBR,17.332716968260158,0.901785586061184,NA,Amp,false,3,10,NA,NA
E12,C6,Rep2,Plate3,D03_ZR_R3,3-3-9,D03_ZR_R3_Rep2,false,Sample,16S,Unknown,SYBR,17.911212949688498,0.922334910036215,NA,Amp,false,3,11,NA,NA
E13,C7,Rep1,Plate3,D08_ZF_R3,3-1-11,D08_ZF_R3_Rep1,false,Sample,16S,Unknown,SYBR,14.333333797491555,0.903365136694514,3.4569723385653,Amp,false,3,9,NA,NA
E14,C7,Rep2,Plate3,D08_ZF_R3,3-1-11,D08_ZF_R3_Rep2,false,Sample,16S,Unknown,SYBR,14.303761690411296,0.902233362397383,3.45823040912233,Amp,false,3,8,NA,NA
E15,C8,Rep1,Plate3,D05_OR_R3,3-3-15,D05_OR_R3_Rep1,false,Sample,16S,Unknown,SYBR,11.296952103231494,0.914517293939237,3.46283220009807,Amp,false,3,6,NA,NA
E16,C8,Rep2,Plate3,D05_OR_R3,3-3-15,D05_OR_R3_Rep2,false,Sample,16S,Unknown,SYBR,11.389082911658498,0.915152864883739,3.45972245812601,Amp,false,3,6,NA,NA
E17,C9,Rep1,Plate3,D04_ZR_R3,3-4-8,D04_ZR_R3_Rep1,false,Sample,16S,Unknown,SYBR,13.171225414836385,0.888245094040913,3.48325567977252,Amp,false,3,7,NA,NA
E18,C9,Rep2,Plate3,D04_ZR_R3,3-4-8,D04_ZR_R3_Rep2,false,Sample,16S,Unknown,SYBR,13.231303245787512,0.881437811399384,3.48698291679994,Inconclusive,false,3,7,NA,NA
E19,C10,Rep1,Plate3,D08_NF_R3,3-3-3,D08_NF_R3_Rep1,false,Sample,16S,Unknown,SYBR,9.264165073277127,0.946119562590476,3.49656894890605,Amp,false,3,5,NA,NA
E2,C1,Rep2,Plate3,D03_ZH_R3,3-3-14,D03_ZH_R3_Rep2,false,Sample,16S,Unknown,SYBR,14.189949254089893,0.93137481408223,3.50878130268905,Amp,false,3,8,NA,NA
E20,C10,Rep2,Plate3,D08_NF_R3,3-3-3,D08_NF_R3_Rep2,false,Sample,16S,Unknown,SYBR,8.852942328334297,0.947183614064668,3.48296506054599,Amp,false,3,5,NA,NA
E21,C11,Rep1,Plate3,NCO_B1_R3,3-1-12,NCO_B1_R3_Rep1,false,Sample,16S,Unknown,SYBR,25.490691519441434,0.922294164648359,3.48913488209389,Amp,false,3,18,NA,NA
E22,C11,Rep2,Plate3,NCO_B1_R3,3-1-12,NCO_B1_R3_Rep2,false,Sample,16S,Unknown,SYBR,25.933447812954924,0.949394149432204,3.45380659815068,Amp,false,3,18,NA,NA
E23,C12,Rep1,Plate3,D04_NF_R3,3-3-7,D04_NF_R3_Rep1,false,Sample,16S,Unknown,SYBR,7.532424819709785,0.91724829898977,3.47906772258997,Amp,false,3,4,NA,NA
E24,C12,Rep2,Plate3,D04_NF_R3,3-3-7,D04_NF_R3_Rep2,false,Sample,16S,Unknown,SYBR,7.866733973997258,0.923887773354693,3.44887843273895,Amp,false,3,4,NA,NA
E3,C2,Rep1,Plate3,D06_OH_R3,3-3-17,D06_OH_R3_Rep1,false,Sample,16S,Unknown,SYBR,12.27576221243972,0.934103405613798,3.5252984149535,Amp,false,3,7,NA,NA
E4,C2,Rep2,Plate3,D06_OH_R3,3-3-17,D06_OH_R3_Rep2,false,Sample,16S,Unknown,SYBR,12.544186120475938,0.947626926854394,3.47173939302445,Amp,false,3,7,NA,NA
E5,C3,Rep1,Plate3,D02_ZR_R3,3-2-6,D02_ZR_R3_Rep1,false,Sample,16S,Unknown,SYBR,16.43036490330671,0.90694553689404,NA,Amp,false,3,9,NA,NA
E6,C3,Rep2,Plate3,D02_ZR_R3,3-2-6,D02_ZR_R3_Rep2,false,Sample,16S,Unknown,SYBR,16.737447111100742,0.914548996611284,NA,Amp,false,3,11,NA,NA
E7,C4,Rep1,Plate3,D05_ZF_R3,3-2-10,D05_ZF_R3_Rep1,false,Sample,16S,Unknown,SYBR,17.47039014169323,0.867814651564251,NA,Amp,false,3,9,NA,NA
E8,C4,Rep2,Plate3,D05_ZF_R3,3-2-10,D05_ZF_R3_Rep2,false,Sample,16S,Unknown,SYBR,17.45402346042696,0.893967014638798,NA,Amp,false,3,10,NA,NA
E9,C5,Rep1,Plate3,standardF_10,000,NA,standardF_10,000_Rep1,false,Sample,16S,Unknown,SYBR,11.212428063688186,0.989213166074243,3.48273352152333,Amp,false,3,6,NA,NA
F1,C1,Rep3,Plate3,D03_ZH_R3,3-3-14,D03_ZH_R3_Rep3,false,Sample,16S,Unknown,SYBR,14.36608636779938,0.922396634759755,3.47733976375978,Amp,false,3,8,NA,NA
F10,C5,Rep4,Plate3,standardF_10,000,NA,standardF_10,000_Rep4,true,Sample,16S,Unknown,SYBR,Undetermined,0,2.3176626907073,No Amp,false,3,15,NA,NA
F11,C6,Rep3,Plate3,D03_ZR_R3,3-3-9,D03_ZR_R3_Rep3,false,Sample,16S,Unknown,SYBR,17.34311882965308,0.889893492036243,3.47870171363144,Amp,false,3,10,NA,NA
F12,C6,Rep4,Plate3,D03_ZR_R3,3-3-9,D03_ZR_R3_Rep4,true,Sample,16S,Unknown,SYBR,Undetermined,0,2.36370377631872,No Amp,false,3,11,NA,NA
F13,C7,Rep3,Plate3,D08_ZF_R3,3-1-11,D08_ZF_R3_Rep3,false,Sample,16S,Unknown,SYBR,14.28326930519328,0.911704891924125,3.46182143145998,Amp,false,3,8,NA,NA
F14,C7,Rep4,Plate3,D08_ZF_R3,3-1-11,D08_ZF_R3_Rep4,true,Sample,16S,Unknown,SYBR,Undetermined,0,2.36978580141318,No Amp,false,3,12,NA,NA
F15,C8,Rep3,Plate3,D05_OR_R3,3-3-15,D05_OR_R3_Rep3,false,Sample,16S,Unknown,SYBR,11.577734423748915,0.908116183509236,3.46690420517453,Amp,false,3,6,NA,NA
F16,C8,Rep4,Plate3,D05_OR_R3,3-3-15,D05_OR_R3_Rep4,true,Sample,16S,Unknown,SYBR,Undetermined,0,2.38291806589342,No Amp,false,3,12,NA,NA
F17,C9,Rep3,Plate3,D04_ZR_R3,3-4-8,D04_ZR_R3_Rep3,false,Sample,16S,Unknown,SYBR,13.397224061552958,0.889064098822333,3.47963404845089,Amp,false,3,7,NA,NA
F18,C9,Rep4,Plate3,D04_ZR_R3,3-4-8,D04_ZR_R3_Rep4,true,Sample,16S,Unknown,SYBR,Undetermined,0,2.33436734002017,No Amp,false,3,12,NA,NA
F19,C10,Rep3,Plate3,D08_NF_R3,3-3-3,D08_NF_R3_Rep3,false,Sample,16S,Unknown,SYBR,9.436415087225082,0.934453472862283,3.47525863444321,Amp,false,3,5,NA,NA
F2,C1,Rep4,Plate3,D03_ZH_R3,3-3-14,D03_ZH_R3_Rep4,true,Sample,16S,Unknown,SYBR,Undetermined,0,2.21463433830355,No Amp,false,3,39,NA,NA
F20,C10,Rep4,Plate3,D08_NF_R3,3-3-3,D08_NF_R3_Rep4,true,Sample,16S,Unknown,SYBR,Undetermined,0,NA,No Amp,false,3,39,NA,NA
F21,C11,Rep3,Plate3,NCO_B1_R3,3-1-12,NCO_B1_R3_Rep3,false,Sample,16S,Unknown,SYBR,24.964535568580267,0.945285034936261,3.47742532532894,Amp,false,3,14,NA,NA
F22,C11,Rep4,Plate3,NCO_B1_R3,3-1-12,NCO_B1_R3_Rep4,true,Sample,16S,Unknown,SYBR,Undetermined,0,2.28736080445131,No Amp,false,3,28,NA,NA
F23,C12,Rep3,Plate3,D04_NF_R3,3-3-7,D04_NF_R3_Rep3,false,Sample,16S,Unknown,SYBR,7.67441929449323,0.920333001970181,3.47762848479406,Amp,false,3,4,NA,NA
F24,C12,Rep4,Plate3,D04_NF_R3,3-3-7,D04_NF_R3_Rep4,true,Sample,16S,Unknown,SYBR,Undetermined,0,NA,No Amp,false,3,39,NA,NA
F3,C2,Rep3,Plate3,D06_OH_R3,3-3-17,D06_OH_R3_Rep3,false,Sample,16S,Unknown,SYBR,12.575087935066552,0.937480697982583,3.48143990849783,Amp,false,3,7,NA,NA
F4,C2,Rep4,Plate3,D06_OH_R3,3-3-17,D06_OH_R3_Rep4,true,Sample,16S,Unknown,SYBR,Undetermined,0,2.22795702031642,No Amp,false,3,39,NA,NA
F5,C3,Rep3,Plate3,D02_ZR_R3,3-2-6,D02_ZR_R3_Rep3,false,Sample,16S,Unknown,SYBR,16.449836535815997,0.90802101840687,3.45849178501687,Amp,false,3,9,NA,NA
F6,C3,Rep4,Plate3,D02_ZR_R3,3-2-6,D02_ZR_R3_Rep4,true,Sample,16S,Unknown,SYBR,Undetermined,0,2.31280668416789,No Amp,false,3,39,NA,NA
F7,C4,Rep3,Plate3,D05_ZF_R3,3-2-10,D05_ZF_R3_Rep3,false,Sample,16S,Unknown,SYBR,17.805933677955757,0.86761744705088,NA,Amp,false,3,11,NA,NA
F8,C4,Rep4,Plate3,D05_ZF_R3,3-2-10,D05_ZF_R3_Rep4,true,Sample,16S,Unknown,SYBR,Undetermined,0,2.27763642384354,No Amp,false,3,39,NA,NA
F9,C5,Rep3,Plate3,standardF_10,000,NA,standardF_10,000_Rep3,false,Sample,16S,Unknown,SYBR,11.473470652872269,0.994585848513991,3.48920342639262,Amp,false,3,6,NA,NA
G1,D1,Rep1,Plate3,D09_ZH_R3,3-1-19,D09_ZH_R3_Rep1,false,Sample,16S,Unknown,SYBR,17.604623333134597,0.864722539143698,NA,Amp,false,3,10,NA,NA
G10,D5,Rep2,Plate3,D05_ZH_R3,3-1-17,D05_ZH_R3_Rep2,false,Sample,16S,Unknown,SYBR,Undetermined,0,NA,Inconclusive,false,3,39,NA,NA
G11,D6,Rep1,Plate3,standardB_1,000,000,NA,standardB_1,000,000_Rep1,false,Sample,16S,Unknown,SYBR,19.529490252690294,0.984468218772546,3.46208094071482,Amp,false,3,11,NA,NA
G12,D6,Rep2,Plate3,standardB_1,000,000,NA,standardB_1,000,000_Rep2,false,Sample,16S,Unknown,SYBR,19.568119255435747,0.978657054194482,3.45660506718479,Amp,false,3,11,NA,NA
G13,D7,Rep1,Plate3,D10_ZF_R3,3-3-1,D10_ZF_R3_Rep1,false,Sample,16S,Unknown,SYBR,14.290403695699204,0.924356697487368,3.47800141206671,Amp,false,3,8,NA,NA
G14,D7,Rep2,Plate3,D10_ZF_R3,3-3-1,D10_ZF_R3_Rep2,false,Sample,16S,Unknown,SYBR,13.735135700932936,0.935982904715869,3.47099042646379,Amp,false,3,8,NA,NA
G15,D8,Rep1,Plate3,D10_OR_R3,3-4-1,D10_OR_R3_Rep1,false,Sample,16S,Unknown,SYBR,11.189422641040704,0.954327951037673,3.44737282882603,Amp,false,3,6,NA,NA
G16,D8,Rep2,Plate3,D10_OR_R3,3-4-1,D10_OR_R3_Rep2,false,Sample,16S,Unknown,SYBR,10.998103640315769,0.961648787074684,3.46747993558554,Amp,false,3,6,NA,NA
G17,D9,Rep1,Plate3,standardF_100,000,NA,standardF_100,000_Rep1,false,Sample,16S,Unknown,SYBR,14.868476494866862,0.990001488808307,3.44742634978298,Amp,false,3,8,NA,NA
G18,D9,Rep2,Plate3,standardF_100,000,NA,standardF_100,000_Rep2,false,Sample,16S,Unknown,SYBR,14.175460516434637,0.978312345817678,3.4865840812866,Amp,false,3,8,NA,NA
G19,D10,Rep1,Plate3,D04_OF_R3,3-2-7,D04_OF_R3_Rep1,false,Sample,16S,Unknown,SYBR,13.382569268004229,0.861755497778585,3.45816083299774,Amp,false,3,7,NA,NA
G2,D1,Rep2,Plate3,D09_ZH_R3,3-1-19,D09_ZH_R3_Rep2,false,Sample,16S,Unknown,SYBR,17.750048717310627,0.871606907889754,NA,Amp,false,3,10,NA,NA
G20,D10,Rep2,Plate3,D04_OF_R3,3-2-7,D04_OF_R3_Rep2,false,Sample,16S,Unknown,SYBR,13.437858137337912,0.866120296845102,3.4828631508167,Amp,false,3,7,NA,NA
G21,D11,Rep1,Plate3,D07_ZH_R3,3-3-5,D07_ZH_R3_Rep1,false,Sample,16S,Unknown,SYBR,14.953804014921268,0.860750298449542,3.48995539780023,Amp,false,3,8,NA,NA
G22,D11,Rep2,Plate3,D07_ZH_R3,3-3-5,D07_ZH_R3_Rep2,false,Sample,16S,Unknown,SYBR,Undetermined,0,NA,Inconclusive,false,3,39,NA,NA
G23,D12,Rep1,Plate3,D08_OR_R3,3-2-14,D08_OR_R3_Rep1,false,Sample,16S,Unknown,SYBR,9.779106902086195,0.936239765538794,3.48539385620316,Amp,false,3,5,NA,NA
G24,D12,Rep2,Plate3,D08_OR_R3,3-2-14,D08_OR_R3_Rep2,false,Sample,16S,Unknown,SYBR,9.9292150799659,0.940947212535407,3.48467172311565,Amp,false,3,5,NA,NA
G3,D2,Rep1,Plate3,D01_ZH_R3,3-1-1,D01_ZH_R3_Rep1,false,Sample,16S,Unknown,SYBR,16.973722769446915,0.89734617193502,3.48922163732338,Amp,false,3,9,NA,NA
G4,D2,Rep2,Plate3,D01_ZH_R3,3-1-1,D01_ZH_R3_Rep2,false,Sample,16S,Unknown,SYBR,17.153328133376185,0.91163447960233,3.47580990779933,Amp,false,3,9,NA,NA
G5,D3,Rep1,Plate3,standardF_1,000,000,NA,standardF_1,000,000_Rep1,false,Sample,16S,Unknown,SYBR,19.420398502018124,0.952322242613532,3.46458614569537,Amp,false,3,11,NA,NA
G6,D3,Rep2,Plate3,standardF_1,000,000,NA,standardF_1,000,000_Rep2,false,Sample,16S,Unknown,SYBR,19.563011262872976,0.956608429586046,3.45405733258836,Amp,false,3,11,NA,NA
G7,D4,Rep1,Plate3,D05_OH_R3,3-2-16,D05_OH_R3_Rep1,false,Sample,16S,Unknown,SYBR,12.715502796488899,0.925532155200086,3.47421499254687,Amp,false,3,7,NA,NA
G8,D4,Rep2,Plate3,D05_OH_R3,3-2-16,D05_OH_R3_Rep2,false,Sample,16S,Unknown,SYBR,Undetermined,0,3.48999363641511,Inconclusive,false,3,39,NA,NA
G9,D5,Rep1,Plate3,D05_ZH_R3,3-1-17,D05_ZH_R3_Rep1,false,Sample,16S,Unknown,SYBR,Undetermined,0,NA,Inconclusive,false,3,39,NA,NA
H1,D1,Rep3,Plate3,D09_ZH_R3,3-1-19,D09_ZH_R3_Rep3,false,Sample,16S,Unknown,SYBR,17.703725196969295,0.848964026054219,NA,Amp,false,3,10,NA,NA
H10,D5,Rep4,Plate3,D05_ZH_R3,3-1-17,D05_ZH_R3_Rep4,true,Sample,16S,Unknown,SYBR,Undetermined,0,2.29413865530297,No Amp,false,3,39,NA,NA
H11,D6,Rep3,Plate3,standardB_1,000,000,NA,standardB_1,000,000_Rep3,false,Sample,16S,Unknown,SYBR,19.55129727562383,0.972194481822697,3.46289961947385,Amp,false,3,12,NA,NA
H12,D6,Rep4,Plate3,standardB_1,000,000,NA,standardB_1,000,000_Rep4,true,Sample,16S,Unknown,SYBR,Undetermined,0,NA,No Amp,false,3,39,NA,NA
H13,D7,Rep3,Plate3,D10_ZF_R3,3-3-1,D10_ZF_R3_Rep3,false,Sample,16S,Unknown,SYBR,14.375667609810218,0.946083046149299,3.49362029314743,Amp,false,3,8,NA,NA
H14,D7,Rep4,Plate3,D10_ZF_R3,3-3-1,D10_ZF_R3_Rep4,true,Sample,16S,Unknown,SYBR,Undetermined,0,2.41618299357297,No Amp,false,3,10,NA,NA
H15,D8,Rep3,Plate3,D10_OR_R3,3-4-1,D10_OR_R3_Rep3,false,Sample,16S,Unknown,SYBR,11.274950971534285,0.959285484588813,3.49013708205771,Amp,false,3,6,NA,NA
H16,D8,Rep4,Plate3,D10_OR_R3,3-4-1,D10_OR_R3_Rep4,true,Sample,16S,Unknown,SYBR,Undetermined,0,2.38148034423837,No Amp,false,3,13,NA,NA
H17,D9,Rep3,Plate3,standardF_100,000,NA,standardF_100,000_Rep3,false,Sample,16S,Unknown,SYBR,Undetermined,0,NA,No Amp,false,3,39,NA,NA
H18,D9,Rep4,Plate3,standardF_100,000,NA,standardF_100,000_Rep4,true,Sample,16S,Unknown,SYBR,Undetermined,0,2.38581452183336,No Amp,false,3,14,NA,NA
H19,D10,Rep3,Plate3,D04_OF_R3,3-2-7,D04_OF_R3_Rep3,false,Sample,16S,Unknown,SYBR,13.883020026314622,0.848853708976143,3.46860661369858,Amp,false,3,7,NA,NA
H2,D1,Rep4,Plate3,D09_ZH_R3,3-1-19,D09_ZH_R3_Rep4,true,Sample,16S,Unknown,SYBR,Undetermined,0,NA,No Amp,false,3,39,NA,NA
H20,D10,Rep4,Plate3,D04_OF_R3,3-2-7,D04_OF_R3_Rep4,true,Sample,16S,Unknown,SYBR,Undetermined,0,2.39242739409561,No Amp,false,3,11,NA,NA
H21,D11,Rep3,Plate3,D07_ZH_R3,3-3-5,D07_ZH_R3_Rep3,false,Sample,16S,Unknown,SYBR,Undetermined,0,NA,Inconclusive,false,3,39,NA,NA
H22,D11,Rep4,Plate3,D07_ZH_R3,3-3-5,D07_ZH_R3_Rep4,true,Sample,16S,Unknown,SYBR,Undetermined,0,2.25053862164054,No Amp,false,3,11,NA,NA
H23,D12,Rep3,Plate3,D08_OR_R3,3-2-14,D08_OR_R3_Rep3,false,Sample,16S,Unknown,SYBR,9.935661484010343,0.945783926224793,3.49228938653296,Amp,false,3,6,NA,NA
H24,D12,Rep4,Plate3,D08_OR_R3,3-2-14,D08_OR_R3_Rep4,true,Sample,16S,Unknown,SYBR,Undetermined,0,2.26041262480003,No Amp,false,3,10,NA,NA
H3,D2,Rep3,Plate3,D01_ZH_R3,3-1-1,D01_ZH_R3_Rep3,false,Sample,16S,Unknown,SYBR,17.326027837394335,0.904848186978366,3.4651759047376,Amp,false,3,9,NA,NA
H4,D2,Rep4,Plate3,D01_ZH_R3,3-1-1,D01_ZH_R3_Rep4,true,Sample,16S,Unknown,SYBR,Undetermined,0,2.19101471575212,No Amp,false,3,39,NA,NA
H5,D3,Rep3,Plate3,standardF_1,000,000,NA,standardF_1,000,000_Rep3,false,Sample,16S,Unknown,SYBR,19.34796715229544,0.965308484696286,3.4703207255631,Amp,false,3,10,NA,NA
H6,D3,Rep4,Plate3,standardF_1,000,000,NA,standardF_1,000,000_Rep4,true,Sample,16S,Unknown,SYBR,Undetermined,0,2.25724316143659,No Amp,false,3,39,NA,NA
H7,D4,Rep3,Plate3,D05_OH_R3,3-2-16,D05_OH_R3_Rep3,false,Sample,16S,Unknown,SYBR,12.519626541125376,0.92971872706819,3.48420963535549,Amp,false,3,7,NA,NA
H8,D4,Rep4,Plate3,D05_OH_R3,3-2-16,D05_OH_R3_Rep4,true,Sample,16S,Unknown,SYBR,Undetermined,0,2.32876425629651,No Amp,false,3,13,NA,NA
H9,D5,Rep3,Plate3,D05_ZH_R3,3-1-17,D05_ZH_R3_Rep3,false,Sample,16S,Unknown,SYBR,Undetermined,0,NA,Inconclusive,false,3,39,NA,NA
I1,E1,Rep1,Plate3,D08_OH_R3,3-1-2,D08_OH_R3_Rep1,false,Sample,16S,Unknown,SYBR,13.425803705334197,0.932743066505818,3.50361499248248,Amp,false,3,8,NA,NA
I10,E5,Rep2,Plate3,D02_NF_R3,3-1-18,D02_NF_R3_Rep2,false,Sample,16S,Unknown,SYBR,10.552681813825995,0.917098678726995,3.47741894040212,Amp,false,3,6,NA,NA
I11,E6,Rep1,Plate3,NCO_B3_R3,3-3-11,NCO_B3_R3_Rep1,false,Sample,16S,Unknown,SYBR,23.464817714173286,0.882510053085522,3.42708719860779,Amp,false,3,13,NA,NA
I12,E6,Rep2,Plate3,NCO_B3_R3,3-3-11,NCO_B3_R3_Rep2,false,Sample,16S,Unknown,SYBR,23.66073717577659,0.865708639331998,3.43457936725954,Amp,false,3,13,NA,NA
I13,E7,Rep1,Plate3,D10_OH_R3,3-3-8,D10_OH_R3_Rep1,false,Sample,16S,Unknown,SYBR,11.800028108876948,0.963551207577721,3.51146823117911,Amp,false,3,6,NA,NA
I14,E7,Rep2,Plate3,D10_OH_R3,3-3-8,D10_OH_R3_Rep2,false,Sample,16S,Unknown,SYBR,11.947020724752406,0.950580320947455,3.48527708142265,Amp,false,3,6,NA,NA
I15,E8,Rep1,Plate3,PCO_B3_R3,3-3-13,PCO_B3_R3_Rep1,false,Sample,16S,Unknown,SYBR,16.004419544582255,0.959365921844096,3.44688825780866,Amp,false,3,9,NA,NA
I16,E8,Rep2,Plate3,PCO_B3_R3,3-3-13,PCO_B3_R3_Rep2,false,Sample,16S,Unknown,SYBR,15.998645921056585,0.969164314143156,3.48535930540154,Amp,false,3,9,NA,NA
I17,E9,Rep1,Plate3,D06_ZR_R3,3-2-5,D06_ZR_R3_Rep1,false,Sample,16S,Unknown,SYBR,17.97346009463537,0.885890336030777,NA,Amp,false,3,11,NA,NA
I18,E9,Rep2,Plate3,D06_ZR_R3,3-2-5,D06_ZR_R3_Rep2,false,Sample,16S,Unknown,SYBR,17.75779642834761,0.890851184748013,3.48478423555032,Amp,false,3,10,NA,NA
I19,E10,Rep1,Plate3,D08_ZR_R3,3-4-2,D08_ZR_R3_Rep1,false,Sample,16S,Unknown,SYBR,15.292100161546834,0.888838411785968,3.47067359975618,Amp,false,3,9,NA,NA
I2,E1,Rep2,Plate3,D08_OH_R3,3-1-2,D08_OH_R3_Rep2,false,Sample,16S,Unknown,SYBR,13.756107375381443,0.946041087588316,3.46567000009565,Amp,false,3,7,NA,NA
I20,E10,Rep2,Plate3,D08_ZR_R3,3-4-2,D08_ZR_R3_Rep2,false,Sample,16S,Unknown,SYBR,15.287131121979822,0.882408148458687,3.44029855984246,Amp,false,3,9,NA,NA
I21,E11,Rep1,Plate3,D06_OR_R3,3-4-15,D06_OR_R3_Rep1,false,Sample,16S,Unknown,SYBR,11.2943735438603,0.932693162712502,3.47249481851371,Amp,false,3,6,NA,NA
I22,E11,Rep2,Plate3,D06_OR_R3,3-4-15,D06_OR_R3_Rep2,false,Sample,16S,Unknown,SYBR,11.300983618245326,0.932124238482738,3.45868602491849,Amp,false,3,6,NA,NA
I23,E12,Rep1,Plate3,D03_NF_R3,3-2-13,D03_NF_R3_Rep1,false,Sample,16S,Unknown,SYBR,10.609033000394962,0.917417879134751,3.48601961474189,Amp,false,3,6,NA,NA
I24,E12,Rep2,Plate3,D03_NF_R3,3-2-13,D03_NF_R3_Rep2,false,Sample,16S,Unknown,SYBR,10.62800877346643,0.913741580206248,3.49269821361548,Amp,false,3,6,NA,NA
I3,E2,Rep1,Plate3,D02_OH_R3,3-3-10,D02_OH_R3_Rep1,false,Sample,16S,Unknown,SYBR,11.81666288346445,0.94360290719015,3.4672178758822,Amp,false,3,6,NA,NA
I4,E2,Rep2,Plate3,D02_OH_R3,3-3-10,D02_OH_R3_Rep2,false,Sample,16S,Unknown,SYBR,11.841022861186953,0.943901165695198,3.47419788730756,Amp,false,3,6,NA,NA
I5,E3,Rep1,Plate3,standardF_1,000,NA,standardF_1,000_Rep1,false,Sample,16S,Unknown,SYBR,7.9340004447909145,0.992429419099992,3.47657324417807,Amp,false,3,4,NA,NA
I6,E3,Rep2,Plate3,standardF_1,000,NA,standardF_1,000_Rep2,false,Sample,16S,Unknown,SYBR,7.942018386834002,0.997254774095023,3.49282043685092,Amp,false,3,4,NA,NA
I7,E4,Rep1,Plate3,D04_OH_R3,3-1-16,D04_OH_R3_Rep1,false,Sample,16S,Unknown,SYBR,12.749798963282512,0.900254708787863,3.49804742140307,Amp,false,3,7,NA,NA
I8,E4,Rep2,Plate3,D04_OH_R3,3-1-16,D04_OH_R3_Rep2,false,Sample,16S,Unknown,SYBR,13.405284505783388,0.896957713733092,3.50128721530711,Amp,false,3,7,NA,NA
I9,E5,Rep1,Plate3,D02_NF_R3,3-1-18,D02_NF_R3_Rep1,false,Sample,16S,Unknown,SYBR,10.277715194445047,0.922977265126056,3.47259193075951,Amp,false,3,6,NA,NA
J1,E1,Rep3,Plate3,D08_OH_R3,3-1-2,D08_OH_R3_Rep3,false,Sample,16S,Unknown,SYBR,Undetermined,0,2.37675610130115,No Amp,false,3,39,NA,NA
J10,E5,Rep4,Plate3,D02_NF_R3,3-1-18,D02_NF_R3_Rep4,true,Sample,16S,Unknown,SYBR,Undetermined,0,2.33500631778797,No Amp,false,3,20,NA,NA
J11,E6,Rep3,Plate3,NCO_B3_R3,3-3-11,NCO_B3_R3_Rep3,false,Sample,16S,Unknown,SYBR,23.283116714902185,0.865338412947131,3.45636592693935,Amp,false,3,13,NA,NA
J12,E6,Rep4,Plate3,NCO_B3_R3,3-3-11,NCO_B3_R3_Rep4,true,Sample,16S,Unknown,SYBR,Undetermined,0,2.29123622646743,No Amp,false,3,15,NA,NA
J13,E7,Rep3,Plate3,D10_OH_R3,3-3-8,D10_OH_R3_Rep3,false,Sample,16S,Unknown,SYBR,12.004931509639956,0.968430611571475,3.49122259371173,Amp,false,3,6,NA,NA
J14,E7,Rep4,Plate3,D10_OH_R3,3-3-8,D10_OH_R3_Rep4,true,Sample,16S,Unknown,SYBR,Undetermined,0,2.37780006019503,No Amp,false,3,11,NA,NA
J15,E8,Rep3,Plate3,PCO_B3_R3,3-3-13,PCO_B3_R3_Rep3,false,Sample,16S,Unknown,SYBR,16.187938602625728,0.959944318500967,3.44774250295655,Amp,false,3,9,NA,NA
J16,E8,Rep4,Plate3,PCO_B3_R3,3-3-13,PCO_B3_R3_Rep4,true,Sample,16S,Unknown,SYBR,Undetermined,0,2.35663262607924,No Amp,false,3,15,NA,NA
J17,E9,Rep3,Plate3,D06_ZR_R3,3-2-5,D06_ZR_R3_Rep3,false,Sample,16S,Unknown,SYBR,18.34174843993525,0.846780320688043,NA,Amp,false,3,13,NA,NA
J18,E9,Rep4,Plate3,D06_ZR_R3,3-2-5,D06_ZR_R3_Rep4,true,Sample,16S,Unknown,SYBR,Undetermined,0,2.30753259138922,No Amp,false,3,20,NA,NA
J19,E10,Rep3,Plate3,D08_ZR_R3,3-4-2,D08_ZR_R3_Rep3,false,Sample,16S,Unknown,SYBR,Undetermined,0,NA,Inconclusive,false,3,39,NA,NA
J2,E1,Rep4,Plate3,D08_OH_R3,3-1-2,D08_OH_R3_Rep4,true,Sample,16S,Unknown,SYBR,Undetermined,0,2.37973701056761,No Amp,false,3,15,NA,NA
J20,E10,Rep4,Plate3,D08_ZR_R3,3-4-2,D08_ZR_R3_Rep4,true,Sample,16S,Unknown,SYBR,Undetermined,0,NA,No Amp,false,3,39,NA,NA
J21,E11,Rep3,Plate3,D06_OR_R3,3-4-15,D06_OR_R3_Rep3,false,Sample,16S,Unknown,SYBR,11.3475878744172,0.930804864904462,3.47929410056051,Amp,false,3,6,NA,NA
J22,E11,Rep4,Plate3,D06_OR_R3,3-4-15,D06_OR_R3_Rep4,true,Sample,16S,Unknown,SYBR,Undetermined,0,2.25567425774511,No Amp,false,3,11,NA,NA
J23,E12,Rep3,Plate3,D03_NF_R3,3-2-13,D03_NF_R3_Rep3,false,Sample,16S,Unknown,SYBR,11.101040441651595,0.906432111946658,3.48340240239589,Amp,false,3,6,NA,NA
J24,E12,Rep4,Plate3,D03_NF_R3,3-2-13,D03_NF_R3_Rep4,true,Sample,16S,Unknown,SYBR,Undetermined,0,NA,No Amp,false,3,39,NA,NA
J3,E2,Rep3,Plate3,D02_OH_R3,3-3-10,D02_OH_R3_Rep3,false,Sample,16S,Unknown,SYBR,11.883439867125034,0.941639719500345,3.46496729342413,Amp,false,3,6,NA,NA
J4,E2,Rep4,Plate3,D02_OH_R3,3-3-10,D02_OH_R3_Rep4,true,Sample,16S,Unknown,SYBR,Undetermined,0,2.22151114907837,No Amp,false,3,39,NA,NA
J5,E3,Rep3,Plate3,standardF_1,000,NA,standardF_1,000_Rep3,false,Sample,16S,Unknown,SYBR,7.93976703033597,0.993655540923977,3.47882481854329,Amp,false,3,4,NA,NA
J6,E3,Rep4,Plate3,standardF_1,000,NA,standardF_1,000_Rep4,true,Sample,16S,Unknown,SYBR,Undetermined,0,2.25197318405,No Amp,false,3,12,NA,NA
J7,E4,Rep3,Plate3,D04_OH_R3,3-1-16,D04_OH_R3_Rep3,false,Sample,16S,Unknown,SYBR,12.879904646732548,0.797797335993603,3.48440649016259,Amp,false,3,7,NA,NA
J8,E4,Rep4,Plate3,D04_OH_R3,3-1-16,D04_OH_R3_Rep4,true,Sample,16S,Unknown,SYBR,Undetermined,0,2.30605336505032,No Amp,false,3,39,NA,NA
J9,E5,Rep3,Plate3,D02_NF_R3,3-1-18,D02_NF_R3_Rep3,false,Sample,16S,Unknown,SYBR,10.470532399581451,0.927627314251996,3.49428462837954,Amp,false,3,6,NA,NA
K1,F1,Rep1,Plate3,standardB_10,NA,standardB_10_Rep1,false,Sample,16S,Unknown,SYBR,4.02922484333549,0.977490568016255,3.47697424454026,Amp,false,3,3,NA,NA
K10,F5,Rep2,Plate3,D09_ZR_R3,3-1-5,D09_ZR_R3_Rep2,false,Sample,16S,Unknown,SYBR,18.827624641437062,0.913949169013906,3.49796436335164,Amp,false,3,11,NA,NA
K11,F6,Rep1,Plate3,D07_ZF_R3,3-4-16,D07_ZF_R3_Rep1,false,Sample,16S,Unknown,SYBR,16.338461400914213,0.864519357933229,3.46144779409822,Amp,false,3,9,NA,NA
K12,F6,Rep2,Plate3,D07_ZF_R3,3-4-16,D07_ZF_R3_Rep2,false,Sample,16S,Unknown,SYBR,Undetermined,0,NA,Inconclusive,false,3,39,NA,NA
K13,F7,Rep1,Plate3,D09_ZF_R3,3-2-19,D09_ZF_R3_Rep1,false,Sample,16S,Unknown,SYBR,16.94362327961592,0.91661307444548,NA,Amp,false,3,10,NA,NA
K14,F7,Rep2,Plate3,D09_ZF_R3,3-2-19,D09_ZF_R3_Rep2,false,Sample,16S,Unknown,SYBR,17.296329296518707,0.897959253939262,NA,Amp,false,3,9,NA,NA
K15,F8,Rep1,Plate3,standardB_100,NA,standardB_100_Rep1,false,Sample,16S,Unknown,SYBR,6.213199609036089,0.992157273225401,3.48129076463362,Amp,false,3,3,NA,NA
K16,F8,Rep2,Plate3,standardB_100,NA,standardB_100_Rep2,false,Sample,16S,Unknown,SYBR,6.428708534528663,0.995343340324714,3.48264172351662,Amp,false,3,4,NA,NA
K17,F9,Rep1,Plate3,D10_NF_R3,3-1-13,D10_NF_R3_Rep1,false,Sample,16S,Unknown,SYBR,24.166458585211842,0.909672110261431,3.46270368654805,Amp,false,3,17,NA,NA
K18,F9,Rep2,Plate3,D10_NF_R3,3-1-13,D10_NF_R3_Rep2,false,Sample,16S,Unknown,SYBR,25.249240239308897,0.921534416599253,3.45770475917047,Amp,false,3,13,NA,NA
K19,F10,Rep1,Plate3,water_2,NA,water_2_Rep1,false,Sample,16S,Unknown,SYBR,24.190101569507725,0.969662888808115,3.47241516933842,Amp,false,3,13,NA,NA
K2,F1,Rep2,Plate3,standardB_10,NA,standardB_10_Rep2,false,Sample,16S,Unknown,SYBR,4.250590076064922,0.979760058332773,3.46880484046839,Amp,false,3,3,NA,NA
K20,F10,Rep2,Plate3,water_2,NA,water_2_Rep2,false,Sample,16S,Unknown,SYBR,22.455053328860572,0.939122217791202,3.44224988946494,Amp,false,3,12,NA,NA
K21,F11,Rep1,Plate3,D01_ZR_R3,3-1-7,D01_ZR_R3_Rep1,false,Sample,16S,Unknown,SYBR,18.325359472239604,0.909695760421381,3.48688153790786,Amp,false,3,10,NA,NA
K22,F11,Rep2,Plate3,D01_ZR_R3,3-1-7,D01_ZR_R3_Rep2,false,Sample,16S,Unknown,SYBR,18.97971519512511,0.913942084961623,3.4523653577872,Amp,false,3,12,NA,NA
K23,F12,Rep1,Plate3,D03_OH_R3,3-4-12,D03_OH_R3_Rep1,false,Sample,16S,Unknown,SYBR,14.92138635404116,0.875378320366832,3.4766403446314,Amp,false,3,9,NA,NA
K24,F12,Rep2,Plate3,D03_OH_R3,3-4-12,D03_OH_R3_Rep2,false,Sample,16S,Unknown,SYBR,15.471496072400392,0.910425237731424,3.44665102845607,Amp,false,3,8,NA,NA
K3,F2,Rep1,Plate3,PCO_B1_R3,3-1-8,PCO_B1_R3_Rep1,false,Sample,16S,Unknown,SYBR,16.575713706917938,0.972119871464561,3.47188377294697,Amp,false,3,9,NA,NA
K4,F2,Rep2,Plate3,PCO_B1_R3,3-1-8,PCO_B1_R3_Rep2,false,Sample,16S,Unknown,SYBR,18.700468609622234,0.889680724775356,3.41973129298201,Inconclusive,false,3,15,NA,NA
K5,F3,Rep1,Plate3,D02_OF_R3,3-4-7,D02_OF_R3_Rep1,false,Sample,16S,Unknown,SYBR,12.264657824049486,0.778805206669532,3.47565044441759,Amp,false,3,7,NA,NA
K6,F3,Rep2,Plate3,D02_OF_R3,3-4-7,D02_OF_R3_Rep2,false,Sample,16S,Unknown,SYBR,12.205005916342184,0.943015201897553,3.49506117094227,Amp,false,3,7,NA,NA
K7,F4,Rep1,Plate3,D03_ZF_R3,3-4-18,D03_ZF_R3_Rep1,false,Sample,16S,Unknown,SYBR,Undetermined,0,NA,Inconclusive,false,3,39,NA,NA
K8,F4,Rep2,Plate3,D03_ZF_R3,3-4-18,D03_ZF_R3_Rep2,false,Sample,16S,Unknown,SYBR,Undetermined,0,NA,Inconclusive,false,3,39,NA,NA
K9,F5,Rep1,Plate3,D09_ZR_R3,3-1-5,D09_ZR_R3_Rep1,false,Sample,16S,Unknown,SYBR,Undetermined,0,NA,Inconclusive,false,3,39,NA,NA
L1,F1,Rep3,Plate3,standardB_10,NA,standardB_10_Rep3,false,Sample,16S,Unknown,SYBR,Undetermined,0,3.48708775126884,Inconclusive,false,3,3,NA,NA
L10,F5,Rep4,Plate3,D09_ZR_R3,3-1-5,D09_ZR_R3_Rep4,true,Sample,16S,Unknown,SYBR,Undetermined,0,2.37094986883959,No Amp,false,3,17,NA,NA
L11,F6,Rep3,Plate3,D07_ZF_R3,3-4-16,D07_ZF_R3_Rep3,false,Sample,16S,Unknown,SYBR,Undetermined,0,NA,Inconclusive,false,3,39,NA,NA
L12,F6,Rep4,Plate3,D07_ZF_R3,3-4-16,D07_ZF_R3_Rep4,true,Sample,16S,Unknown,SYBR,Undetermined,0,2.40980219355017,No Amp,false,3,14,NA,NA
L13,F7,Rep3,Plate3,D09_ZF_R3,3-2-19,D09_ZF_R3_Rep3,false,Sample,16S,Unknown,SYBR,Undetermined,0,NA,Inconclusive,false,3,39,NA,NA
L14,F7,Rep4,Plate3,D09_ZF_R3,3-2-19,D09_ZF_R3_Rep4,true,Sample,16S,Unknown,SYBR,Undetermined,0,2.35907119809408,No Amp,false,3,14,NA,NA
L15,F8,Rep3,Plate3,standardB_100,NA,standardB_100_Rep3,false,Sample,16S,Unknown,SYBR,6.264090095941189,0.99528721684197,3.49308940437774,Amp,false,3,4,NA,NA
L16,F8,Rep4,Plate3,standardB_100,NA,standardB_100_Rep4,true,Sample,16S,Unknown,SYBR,Undetermined,0,2.16791505051396,No Amp,false,3,7,NA,NA
L17,F9,Rep3,Plate3,D10_NF_R3,3-1-13,D10_NF_R3_Rep3,false,Sample,16S,Unknown,SYBR,25.664672877675677,0.919963255858998,3.48130358080869,Amp,false,3,14,NA,NA
L18,F9,Rep4,Plate3,D10_NF_R3,3-1-13,D10_NF_R3_Rep4,true,Sample,16S,Unknown,SYBR,Undetermined,0,2.34344432037921,No Amp,false,3,15,NA,NA
L19,F10,Rep3,Plate3,water_2,NA,water_2_Rep3,false,Sample,16S,Unknown,SYBR,23.488523757481495,0.937977367844842,3.45377010282388,Amp,false,3,14,NA,NA
L2,F1,Rep4,Plate3,standardB_10,NA,standardB_10_Rep4,true,Sample,16S,Unknown,SYBR,Undetermined,0,2.13652090216195,No Amp,false,3,39,NA,NA
L20,F10,Rep4,Plate3,water_2,NA,water_2_Rep4,true,Sample,16S,Unknown,SYBR,Undetermined,0,2.38140021705526,No Amp,false,3,39,NA,NA
L21,F11,Rep3,Plate3,D01_ZR_R3,3-1-7,D01_ZR_R3_Rep3,false,Sample,16S,Unknown,SYBR,18.23760413607892,0.939228691701584,3.48639927140083,Amp,false,3,10,NA,NA
L22,F11,Rep4,Plate3,D01_ZR_R3,3-1-7,D01_ZR_R3_Rep4,true,Sample,16S,Unknown,SYBR,Undetermined,0,2.22198529229274,No Amp,false,3,10,NA,NA
L23,F12,Rep3,Plate3,D03_OH_R3,3-4-12,D03_OH_R3_Rep3,false,Sample,16S,Unknown,SYBR,15.633654852495514,0.898826370866301,3.45575600679204,Amp,false,3,9,NA,NA
L24,F12,Rep4,Plate3,D03_OH_R3,3-4-12,D03_OH_R3_Rep4,true,Sample,16S,Unknown,SYBR,Undetermined,0,2.11445189596566,No Amp,false,3,39,NA,NA
L3,F2,Rep3,Plate3,PCO_B1_R3,3-1-8,PCO_B1_R3_Rep3,false,Sample,16S,Unknown,SYBR,16.670700411942164,0.969730194076625,3.49291848674572,Amp,false,3,9,NA,NA
L4,F2,Rep4,Plate3,PCO_B1_R3,3-1-8,PCO_B1_R3_Rep4,true,Sample,16S,Unknown,SYBR,Undetermined,0,NA,No Amp,false,3,39,NA,NA
L5,F3,Rep3,Plate3,D02_OF_R3,3-4-7,D02_OF_R3_Rep3,false,Sample,16S,Unknown,SYBR,12.254515434830882,0.815041673979193,3.47487851277227,Amp,false,3,7,NA,NA
L6,F3,Rep4,Plate3,D02_OF_R3,3-4-7,D02_OF_R3_Rep4,true,Sample,16S,Unknown,SYBR,Undetermined,0,2.24604041806453,No Amp,false,3,14,NA,NA
L7,F4,Rep3,Plate3,D03_ZF_R3,3-4-18,D03_ZF_R3_Rep3,false,Sample,16S,Unknown,SYBR,Undetermined,0,NA,Inconclusive,false,3,39,NA,NA
L8,F4,Rep4,Plate3,D03_ZF_R3,3-4-18,D03_ZF_R3_Rep4,true,Sample,16S,Unknown,SYBR,Undetermined,0,2.31308225462263,No Amp,false,3,39,NA,NA
L9,F5,Rep3,Plate3,D09_ZR_R3,3-1-5,D09_ZR_R3_Rep3,false,Sample,16S,Unknown,SYBR,Undetermined,0,NA,Inconclusive,false,3,39,NA,NA
M1,G1,Rep1,Plate3,D08_OF_R3,3-2-2,D08_OF_R3_Rep1,false,Sample,16S,Unknown,SYBR,10.24668241532266,0.944790874288532,3.49296681660268,Amp,false,3,6,NA,NA
M10,G5,Rep2,Plate3,D06_ZH_R3,3-2-11,D06_ZH_R3_Rep2,false,Sample,16S,Unknown,SYBR,Undetermined,0,NA,Inconclusive,false,3,39,NA,NA
M11,G6,Rep1,Plate3,D01_ZF_R3,3-2-17,D01_ZF_R3_Rep1,false,Sample,16S,Unknown,SYBR,15.936057758405184,0.909504669238755,3.48096992454504,Amp,false,3,9,NA,NA
M12,G6,Rep2,Plate3,D01_ZF_R3,3-2-17,D01_ZF_R3_Rep2,false,Sample,16S,Unknown,SYBR,15.764134432998802,0.898636602922293,3.48941444711528,Amp,false,3,9,NA,NA
M13,G7,Rep1,Plate3,D06_ZF_R3,3-3-4,D06_ZF_R3_Rep1,false,Sample,16S,Unknown,SYBR,14.361303450850787,0.895331320466216,3.43921746395889,Amp,false,3,8,NA,NA
M14,G7,Rep2,Plate3,D06_ZF_R3,3-3-4,D06_ZF_R3_Rep2,false,Sample,16S,Unknown,SYBR,14.00308185871215,0.909897630179434,3.47840797713713,Amp,false,3,8,NA,NA
M15,G8,Rep1,Plate3,D09_OF_R3,3-3-16,D09_OF_R3_Rep1,false,Sample,16S,Unknown,SYBR,12.030887995991325,0.918922972022944,3.47589504902344,Amp,false,3,7,NA,NA
M16,G8,Rep2,Plate3,D09_OF_R3,3-3-16,D09_OF_R3_Rep2,false,Sample,16S,Unknown,SYBR,11.842585466588996,0.914095519840007,3.4796225882806,Amp,false,3,7,NA,NA
M17,G9,Rep1,Plate3,D07_OR_R3,3-1-9,D07_OR_R3_Rep1,false,Sample,16S,Unknown,SYBR,13.064475906685953,0.905166737932987,3.44851428104333,Amp,false,3,7,NA,NA
M18,G9,Rep2,Plate3,D07_OR_R3,3-1-9,D07_OR_R3_Rep2,false,Sample,16S,Unknown,SYBR,13.441209450945728,0.903769361658421,3.47375195459168,Amp,false,3,7,NA,NA
M19,G10,Rep1,Plate3,D08_ZH_R3,3-4-6,D08_ZH_R3_Rep1,false,Sample,16S,Unknown,SYBR,20.42136169369582,0.930466009985064,3.45461063711086,Amp,false,3,11,NA,NA
M2,G1,Rep2,Plate3,D08_OF_R3,3-2-2,D08_OF_R3_Rep2,false,Sample,16S,Unknown,SYBR,10.320391856989918,0.93698735922443,3.48496060394694,Amp,false,3,6,NA,NA
M20,G10,Rep2,Plate3,D08_ZH_R3,3-4-6,D08_ZH_R3_Rep2,false,Sample,16S,Unknown,SYBR,20.748254280699143,0.912522584297017,3.48372951282974,Amp,false,3,13,NA,NA
M21,G11,Rep1,Plate3,D05_OF_R3,3-3-6,D05_OF_R3_Rep1,false,Sample,16S,Unknown,SYBR,13.278068133816337,0.910157272548808,3.47775199498356,Amp,false,3,7,NA,NA
M22,G11,Rep2,Plate3,D05_OF_R3,3-3-6,D05_OF_R3_Rep2,false,Sample,16S,Unknown,SYBR,13.302177851803012,0.907523867973747,3.4620671968319,Amp,false,3,7,NA,NA
M23,G12,Rep1,Plate3,D01_NF_R3,3-4-13,D01_NF_R3_Rep1,false,Sample,16S,Unknown,SYBR,10.079388991224409,0.928666638663297,3.47593970857588,Amp,false,3,6,NA,NA
M24,G12,Rep2,Plate3,D01_NF_R3,3-4-13,D01_NF_R3_Rep2,false,Sample,16S,Unknown,SYBR,10.533077544696777,0.924948636987416,3.44022098434293,Amp,false,3,5,NA,NA
M3,G2,Rep1,Plate3,D04_OR_R3,3-2-8,D04_OR_R3_Rep1,false,Sample,16S,Unknown,SYBR,11.774141006823815,0.894748014977081,3.47661986238818,Amp,false,3,6,NA,NA
M4,G2,Rep2,Plate3,D04_OR_R3,3-2-8,D04_OR_R3_Rep2,false,Sample,16S,Unknown,SYBR,11.822208728150603,0.913867344412823,3.47273367706832,Amp,false,3,6,NA,NA
M5,G3,Rep1,Plate3,NCO_B2_R3,3-2-9,NCO_B2_R3_Rep1,false,Sample,16S,Unknown,SYBR,23.652191355042454,0.89177029897547,3.44764787389979,Amp,false,3,14,NA,NA
M6,G3,Rep2,Plate3,NCO_B2_R3,3-2-9,NCO_B2_R3_Rep2,false,Sample,16S,Unknown,SYBR,24.401713556893377,0.881055058783647,3.45051652750973,Amp,false,3,13,NA,NA
M7,G4,Rep1,Plate3,D07_NF_R3,3-2-12,D07_NF_R3_Rep1,false,Sample,16S,Unknown,SYBR,Undetermined,0,NA,Inconclusive,false,3,39,NA,NA
M8,G4,Rep2,Plate3,D07_NF_R3,3-2-12,D07_NF_R3_Rep2,false,Sample,16S,Unknown,SYBR,Undetermined,0,NA,Inconclusive,false,3,39,NA,NA
M9,G5,Rep1,Plate3,D06_ZH_R3,3-2-11,D06_ZH_R3_Rep1,false,Sample,16S,Unknown,SYBR,Undetermined,0,NA,Inconclusive,false,3,39,NA,NA
N1,G1,Rep3,Plate3,D08_OF_R3,3-2-2,D08_OF_R3_Rep3,false,Sample,16S,Unknown,SYBR,10.17160358391655,0.940520946205741,3.49025053486113,Amp,false,3,6,NA,NA
N10,G5,Rep4,Plate3,D06_ZH_R3,3-2-11,D06_ZH_R3_Rep4,true,Sample,16S,Unknown,SYBR,Undetermined,0,2.30926852835284,No Amp,false,3,39,NA,NA
N11,G6,Rep3,Plate3,D01_ZF_R3,3-2-17,D01_ZF_R3_Rep3,false,Sample,16S,Unknown,SYBR,15.800822355112828,0.893244565174154,3.4508710637731,Amp,false,3,9,NA,NA
N12,G6,Rep4,Plate3,D01_ZF_R3,3-2-17,D01_ZF_R3_Rep4,true,Sample,16S,Unknown,SYBR,Undetermined,0,2.29430985172108,No Amp,false,3,16,NA,NA
N13,G7,Rep3,Plate3,D06_ZF_R3,3-3-4,D06_ZF_R3_Rep3,false,Sample,16S,Unknown,SYBR,14.159052100538258,0.90766814923705,3.45109971113655,Inconclusive,false,3,8,NA,NA
N14,G7,Rep4,Plate3,D06_ZF_R3,3-3-4,D06_ZF_R3_Rep4,true,Sample,16S,Unknown,SYBR,Undetermined,0,2.34612236110573,No Amp,false,3,14,NA,NA
N15,G8,Rep3,Plate3,D09_OF_R3,3-3-16,D09_OF_R3_Rep3,false,Sample,16S,Unknown,SYBR,11.812758011636202,0.92161049489635,3.48001570447776,Amp,false,3,7,NA,NA
N16,G8,Rep4,Plate3,D09_OF_R3,3-3-16,D09_OF_R3_Rep4,true,Sample,16S,Unknown,SYBR,Undetermined,0,2.31675979158515,No Amp,false,3,39,NA,NA
N17,G9,Rep3,Plate3,D07_OR_R3,3-1-9,D07_OR_R3_Rep3,false,Sample,16S,Unknown,SYBR,12.985043176490336,0.90719951745748,3.46847645839315,Amp,false,3,7,NA,NA
N18,G9,Rep4,Plate3,D07_OR_R3,3-1-9,D07_OR_R3_Rep4,true,Sample,16S,Unknown,SYBR,Undetermined,0,2.28192234962985,No Amp,false,3,11,NA,NA
N19,G10,Rep3,Plate3,D08_ZH_R3,3-4-6,D08_ZH_R3_Rep3,false,Sample,16S,Unknown,SYBR,20.359390142475725,0.901309553718999,3.48629479782279,Amp,false,3,11,NA,NA
N2,G1,Rep4,Plate3,D08_OF_R3,3-2-2,D08_OF_R3_Rep4,true,Sample,16S,Unknown,SYBR,Undetermined,0,2.10519939432612,No Amp,false,3,39,NA,NA
N20,G10,Rep4,Plate3,D08_ZH_R3,3-4-6,D08_ZH_R3_Rep4,true,Sample,16S,Unknown,SYBR,Undetermined,0,2.26228953412735,No Amp,false,3,15,NA,NA
N21,G11,Rep3,Plate3,D05_OF_R3,3-3-6,D05_OF_R3_Rep3,false,Sample,16S,Unknown,SYBR,12.944685465653105,0.920058724529804,3.48120404919652,Amp,false,3,7,NA,NA
N22,G11,Rep4,Plate3,D05_OF_R3,3-3-6,D05_OF_R3_Rep4,true,Sample,16S,Unknown,SYBR,Undetermined,0,2.3142289503779,No Amp,false,3,39,NA,NA
N23,G12,Rep3,Plate3,D01_NF_R3,3-4-13,D01_NF_R3_Rep3,false,Sample,16S,Unknown,SYBR,10.274998042749054,0.932801390944351,3.48112133780244,Amp,false,3,6,NA,NA
N24,G12,Rep4,Plate3,D01_NF_R3,3-4-13,D01_NF_R3_Rep4,true,Sample,16S,Unknown,SYBR,Undetermined,0,NA,No Amp,false,3,39,NA,NA
N3,G2,Rep3,Plate3,D04_OR_R3,3-2-8,D04_OR_R3_Rep3,false,Sample,16S,Unknown,SYBR,11.686652635442602,0.910752912082118,3.51143130673706,Amp,false,3,7,NA,NA
N4,G2,Rep4,Plate3,D04_OR_R3,3-2-8,D04_OR_R3_Rep4,true,Sample,16S,Unknown,SYBR,Undetermined,0,2.24557443621248,No Amp,false,3,39,NA,NA
N5,G3,Rep3,Plate3,NCO_B2_R3,3-2-9,NCO_B2_R3_Rep3,false,Sample,16S,Unknown,SYBR,25.72883799574104,0.88700338833393,3.46435119385406,Amp,false,3,16,NA,NA
N6,G3,Rep4,Plate3,NCO_B2_R3,3-2-9,NCO_B2_R3_Rep4,true,Sample,16S,Unknown,SYBR,Undetermined,0,NA,No Amp,false,3,39,NA,NA
N7,G4,Rep3,Plate3,D07_NF_R3,3-2-12,D07_NF_R3_Rep3,false,Sample,16S,Unknown,SYBR,Undetermined,0,NA,Inconclusive,false,3,39,NA,NA
N8,G4,Rep4,Plate3,D07_NF_R3,3-2-12,D07_NF_R3_Rep4,true,Sample,16S,Unknown,SYBR,Undetermined,0,2.2590924021092,No Amp,false,3,39,NA,NA
N9,G5,Rep3,Plate3,D06_ZH_R3,3-2-11,D06_ZH_R3_Rep3,false,Sample,16S,Unknown,SYBR,19.586685046383685,0.905614661594947,3.46040057364859,Amp,false,3,11,NA,NA
O1,H1,Rep1,Plate3,D01_OR_R3,3-3-19,D01_OR_R3_Rep1,false,Sample,16S,Unknown,SYBR,12.010059249390693,0.898855894691811,3.50319167363728,Amp,false,3,7,NA,NA
O10,H5,Rep2,Plate3,standardB_10,000,NA,standardB_10,000_Rep2,false,Sample,16S,Unknown,SYBR,13.193326663320242,0.99204667088322,3.48263668978942,Amp,false,3,7,NA,NA
O11,H6,Rep1,Plate3,standardF_100,NA,standardF_100_Rep1,false,Sample,16S,Unknown,SYBR,6.22413941507812,0.994628904931641,3.46489678011031,Amp,false,3,3,NA,NA
O12,H6,Rep2,Plate3,standardF_100,NA,standardF_100_Rep2,false,Sample,16S,Unknown,SYBR,6.293702221348726,0.995346774031425,3.45513611909407,Amp,false,3,3,NA,NA
O13,H7,Rep1,Plate3,D07_OH_R3,3-4-14,D07_OH_R3_Rep1,false,Sample,16S,Unknown,SYBR,12.334993275853734,0.911607465425937,3.44906842718855,Amp,false,3,6,NA,NA
O14,H7,Rep2,Plate3,D07_OH_R3,3-4-14,D07_OH_R3_Rep2,false,Sample,16S,Unknown,SYBR,12.206290362331053,0.910469615244791,3.47940858584137,Amp,false,3,7,NA,NA
O15,H8,Rep1,Plate3,D10_ZR_R3,3-2-4,D10_ZR_R3_Rep1,false,Sample,16S,Unknown,SYBR,18.46343468983801,0.906612231636302,3.44901365492287,Amp,false,3,10,NA,NA
O16,H8,Rep2,Plate3,D10_ZR_R3,3-2-4,D10_ZR_R3_Rep2,false,Sample,16S,Unknown,SYBR,18.370286385618158,0.918030580172264,3.486858838787,Amp,false,3,10,NA,NA
O17,H9,Rep1,Plate3,D01_OF_R3,3-3-20,D01_OF_R3_Rep1,false,Sample,16S,Unknown,SYBR,10.568434729280803,0.91444308831711,3.46165362033563,Amp,false,3,6,NA,NA
O18,H9,Rep2,Plate3,D01_OF_R3,3-3-20,D01_OF_R3_Rep2,false,Sample,16S,Unknown,SYBR,10.678073453685943,0.914552093562389,3.48142969043748,Amp,false,3,6,NA,NA
O19,H10,Rep1,Plate3,PCO_B2_R3,3-2-18,PCO_B2_R3_Rep1,false,Sample,16S,Unknown,SYBR,14.720371836181275,0.968036400057109,3.45741365796294,Amp,false,3,8,NA,NA
O2,H1,Rep2,Plate3,D01_OR_R3,3-3-19,D01_OR_R3_Rep2,false,Sample,16S,Unknown,SYBR,12.404975959836314,0.904379001342685,3.47511402233714,Amp,false,3,7,NA,NA
O20,H10,Rep2,Plate3,PCO_B2_R3,3-2-18,PCO_B2_R3_Rep2,false,Sample,16S,Unknown,SYBR,15.02522212407543,0.96508461350773,3.47221923775134,Amp,false,3,9,NA,NA
O21,H11,Rep1,Plate3,D02_ZF_R3,3-3-2,D02_ZF_R3_Rep1,false,Sample,16S,Unknown,SYBR,14.788595813384102,0.898893621232379,3.43814673007731,Amp,false,3,9,NA,NA
O22,H11,Rep2,Plate3,D02_ZF_R3,3-3-2,D02_ZF_R3_Rep2,false,Sample,16S,Unknown,SYBR,14.740887306881664,0.901055946487483,3.45250770930284,Amp,false,3,8,NA,NA
O23,H12,Rep1,Plate3,water_1,NA,water_1_Rep1,false,Sample,16S,Unknown,SYBR,16.38850223559586,0.944959879152834,3.39637022800136,Amp,false,3,9,NA,NA
O24,H12,Rep2,Plate3,water_1,NA,water_1_Rep2,false,Sample,16S,Unknown,SYBR,24.47664264473233,0.792033959168516,3.43708715535066,Amp,false,3,14,NA,NA
O3,H2,Rep1,Plate3,D05_NF_R3,3-4-11,D05_NF_R3_Rep1,false,Sample,16S,Unknown,SYBR,11.991483750194327,0.843060319376369,3.49111175163143,Amp,false,3,7,NA,NA
O4,H2,Rep2,Plate3,D05_NF_R3,3-4-11,D05_NF_R3_Rep2,false,Sample,16S,Unknown,SYBR,12.076221858240295,0.903417759878762,3.48786964521233,Amp,false,3,7,NA,NA
O5,H3,Rep1,Plate3,D10_OF_R3,3-4-5,D10_OF_R3_Rep1,false,Sample,16S,Unknown,SYBR,12.850959296945334,0.972453006211852,3.52267211174179,Amp,false,3,7,NA,NA
O6,H3,Rep2,Plate3,D10_OF_R3,3-4-5,D10_OF_R3_Rep2,false,Sample,16S,Unknown,SYBR,12.637185953414281,0.969980803966803,3.51722154501098,Amp,false,3,7,NA,NA
O7,H4,Rep1,Plate3,D10_ZH_R3,3-2-15,D10_ZH_R3_Rep1,false,Sample,16S,Unknown,SYBR,17.916889993462803,0.904826517065904,3.50573099164879,Amp,false,3,10,NA,NA
O8,H4,Rep2,Plate3,D10_ZH_R3,3-2-15,D10_ZH_R3_Rep2,false,Sample,16S,Unknown,SYBR,17.87980274941455,0.918524577235267,3.51393455231028,Amp,false,3,10,NA,NA
O9,H5,Rep1,Plate3,standardB_10,000,NA,standardB_10,000_Rep1,false,Sample,16S,Unknown,SYBR,13.192484370225653,0.995086589890329,3.45445583890681,Amp,false,3,7,NA,NA
P1,H1,Rep3,Plate3,D01_OR_R3,3-3-19,D01_OR_R3_Rep3,false,Sample,16S,Unknown,SYBR,12.1845448386882,0.910215934688917,3.48974975122212,Amp,false,3,7,NA,NA
P10,H5,Rep4,Plate3,standardB_10,000,NA,standardB_10,000_Rep4,true,Sample,16S,Unknown,SYBR,Undetermined,0,NA,No Amp,false,3,16,NA,NA
P11,H6,Rep3,Plate3,standardF_100,NA,standardF_100_Rep3,false,Sample,16S,Unknown,SYBR,5.9344331117636955,0.992508345213176,3.45958702257926,Amp,false,3,3,NA,NA
P12,H6,Rep4,Plate3,standardF_100,NA,standardF_100_Rep4,true,Sample,16S,Unknown,SYBR,Undetermined,0,2.17649200824211,No Amp,false,3,9,NA,NA
P13,H7,Rep3,Plate3,D07_OH_R3,3-4-14,D07_OH_R3_Rep3,false,Sample,16S,Unknown,SYBR,11.922038631927347,0.839768708912792,3.48779700336887,Amp,false,3,7,NA,NA
P14,H7,Rep4,Plate3,D07_OH_R3,3-4-14,D07_OH_R3_Rep4,true,Sample,16S,Unknown,SYBR,Undetermined,0,NA,No Amp,false,3,14,NA,NA
P15,H8,Rep3,Plate3,D10_ZR_R3,3-2-4,D10_ZR_R3_Rep3,false,Sample,16S,Unknown,SYBR,16.59044063614361,0.903274087837141,3.44909498803272,Amp,false,3,9,NA,NA
P16,H8,Rep4,Plate3,D10_ZR_R3,3-2-4,D10_ZR_R3_Rep4,true,Sample,16S,Unknown,SYBR,Undetermined,0,NA,No Amp,false,3,39,NA,NA
P17,H9,Rep3,Plate3,D01_OF_R3,3-3-20,D01_OF_R3_Rep3,false,Sample,16S,Unknown,SYBR,10.546973009025109,0.780815534904024,3.45580784714228,Amp,false,3,6,NA,NA
P18,H9,Rep4,Plate3,D01_OF_R3,3-3-20,D01_OF_R3_Rep4,true,Sample,16S,Unknown,SYBR,Undetermined,0,NA,No Amp,false,3,39,NA,NA
P19,H10,Rep3,Plate3,PCO_B2_R3,3-2-18,PCO_B2_R3_Rep3,false,Sample,16S,Unknown,SYBR,14.371414466497509,0.959203827582565,3.47782398711776,Amp,false,3,8,NA,NA
P2,H1,Rep4,Plate3,D01_OR_R3,3-3-19,D01_OR_R3_Rep4,true,Sample,16S,Unknown,SYBR,Undetermined,0,NA,No Amp,false,3,39,NA,NA
P20,H10,Rep4,Plate3,PCO_B2_R3,3-2-18,PCO_B2_R3_Rep4,true,Sample,16S,Unknown,SYBR,Undetermined,0,2.33542040116159,No Amp,false,3,15,NA,NA
P21,H11,Rep3,Plate3,D02_ZF_R3,3-3-2,D02_ZF_R3_Rep3,false,Sample,16S,Unknown,SYBR,14.447118178063189,0.899225516545137,3.43539858376838,Amp,false,3,8,NA,NA
P22,H11,Rep4,Plate3,D02_ZF_R3,3-3-2,D02_ZF_R3_Rep4,true,Sample,16S,Unknown,SYBR,Undetermined,0,2.0061160029819,No Amp,false,3,16,NA,NA
P23,H12,Rep3,Plate3,water_1,NA,water_1_Rep3,false,Sample,16S,Unknown,SYBR,21.661811082316156,0.928063872892546,3.41789479601254,Amp,false,3,12,NA,NA
P24,H12,Rep4,Plate3,water_1,NA,water_1_Rep4,true,Sample,16S,Unknown,SYBR,Undetermined,0,NA,No Amp,false,3,39,NA,NA
P3,H2,Rep3,Plate3,D05_NF_R3,3-4-11,D05_NF_R3_Rep3,false,Sample,16S,Unknown,SYBR,12.210229329542003,0.906750818016139,3.46747342798842,Amp,false,3,7,NA,NA
P4,H2,Rep4,Plate3,D05_NF_R3,3-4-11,D05_NF_R3_Rep4,true,Sample,16S,Unknown,SYBR,Undetermined,0,NA,No Amp,false,3,39,NA,NA
P5,H3,Rep3,Plate3,D10_OF_R3,3-4-5,D10_OF_R3_Rep3,false,Sample,16S,Unknown,SYBR,12.258398549758919,0.97965084964335,3.56497496998462,Amp,false,3,7,NA,NA
P6,H3,Rep4,Plate3,D10_OF_R3,3-4-5,D10_OF_R3_Rep4,true,Sample,16S,Unknown,SYBR,Undetermined,0,NA,No Amp,false,3,39,NA,NA
P7,H4,Rep3,Plate3,D10_ZH_R3,3-2-15,D10_ZH_R3_Rep3,false,Sample,16S,Unknown,SYBR,Undetermined,0,NA,Inconclusive,false,3,39,NA,NA
P8,H4,Rep4,Plate3,D10_ZH_R3,3-2-15,D10_ZH_R3_Rep4,true,Sample,16S,Unknown,SYBR,Undetermined,0,NA,No Amp,false,3,39,NA,NA
P9,H5,Rep3,Plate3,standardB_10,000,NA,standardB_10,000_Rep3,false,Sample,16S,Unknown,SYBR,12.75552731206226,0.9949943661173,3.47683817568504,Amp,false,3,7,NA,NA
