Patient,Protocol_1,Protocol_2,Protocols,bcdist
D01,NF,NF,NF_NF,0.112081278
D01,NF,NF,NF_NF,0.324936144
D01,NF,OF,NF_OF,0.190858521
D01,NF,OF,NF_OF,0.245799067
D01,NF,OF,NF_OF,0.225335463
D01,NF,OR,NF_OR,0.385450427
D01,NF,OR,NF_OR,0.49550837
D01,NF,OR,NF_OR,0.486837641
D01,NF,ZF,NF_ZF,0.403700188
D01,NF,ZF,NF_ZF,0.522641233
D01,NF,ZF,NF_ZF,0.551524568
D01,NF,ZH,NF_ZH,0.49754959
D01,NF,ZH,NF_ZH,0.539152707
D01,NF,ZH,NF_ZH,0.487612887
D01,NF,ZR,NF_ZR,0.278081033
D01,NF,ZR,NF_ZR,0.515269052
D01,NF,ZR,NF_ZR,0.600598346
D01,NF,NF,NF_NF,0.112081278
D01,NF,NF,NF_NF,0.236894165
D01,NF,OF,NF_OF,0.262825422
D01,NF,OF,NF_OF,0.313147213
D01,NF,OF,NF_OF,0.290809839
D01,NF,OR,NF_OR,0.457671791
D01,NF,OR,NF_OR,0.568516041
D01,NF,OR,NF_OR,0.549481197
D01,NF,ZF,NF_ZF,0.475217226
D01,NF,ZF,NF_ZF,0.592018453
D01,NF,ZF,NF_ZF,0.621706254
D01,NF,ZH,NF_ZH,0.570634054
D01,NF,ZH,NF_ZH,0.600102911
D01,NF,ZH,NF_ZH,0.558062253
D01,NF,ZR,NF_ZR,0.347569038
D01,NF,ZR,NF_ZR,0.524241329
D01,NF,ZR,NF_ZR,0.663098452
D01,NF,NF,NF_NF,0.324936144
D01,NF,NF,NF_NF,0.236894165
D01,NF,OF,NF_OF,0.460781647
D01,NF,OF,NF_OF,0.521670142
D01,NF,OF,NF_OF,0.499800063
D01,NF,OR,NF_OR,0.602510314
D01,NF,OR,NF_OR,0.734404868
D01,NF,OR,NF_OR,0.699163195
D01,NF,ZF,NF_ZF,0.653069084
D01,NF,ZF,NF_ZF,0.735806051
D01,NF,ZF,NF_ZF,0.731733045
D01,NF,ZH,NF_ZH,0.734470641
D01,NF,ZH,NF_ZH,0.747874694
D01,NF,ZH,NF_ZH,0.743093602
D01,NF,ZR,NF_ZR,0.543446104
D01,NF,ZR,NF_ZR,0.728769789
D01,NF,ZR,NF_ZR,0.784434878
D01,OF,NF,OF_NF,0.190858521
D01,OF,NF,OF_NF,0.262825422
D01,OF,NF,OF_NF,0.460781647
D01,OF,OF,OF_OF,0.126212335
D01,OF,OF,OF_OF,0.086627964
D01,OF,OR,OF_OR,0.284580894
D01,OF,OR,OF_OR,0.407987176
D01,OF,OR,OF_OR,0.389297642
D01,OF,ZF,OF_ZF,0.295983753
D01,OF,ZF,OF_ZF,0.408350563
D01,OF,ZF,OF_ZF,0.440089118
D01,OF,ZH,OF_ZH,0.407841264
D01,OF,ZH,OF_ZH,0.434102379
D01,OF,ZH,OF_ZH,0.375623846
D01,OF,ZR,OF_ZR,0.164466144
D01,OF,ZR,OF_ZR,0.43196692
D01,OF,ZR,OF_ZR,0.496124797
D01,OF,NF,OF_NF,0.245799067
D01,OF,NF,OF_NF,0.313147213
D01,OF,NF,OF_NF,0.521670142
D01,OF,OF,OF_OF,0.126212335
D01,OF,OF,OF_OF,0.094174162
D01,OF,OR,OF_OR,0.264978872
D01,OF,OR,OF_OR,0.35622828
D01,OF,OR,OF_OR,0.434287218
D01,OF,ZF,OF_ZF,0.209852278
D01,OF,ZF,OF_ZF,0.336000006
D01,OF,ZF,OF_ZF,0.357947157
D01,OF,ZH,OF_ZH,0.319118395
D01,OF,ZH,OF_ZH,0.38923178
D01,OF,ZH,OF_ZH,0.293249672
D01,OF,ZR,OF_ZR,0.173601405
D01,OF,ZR,OF_ZR,0.474197033
D01,OF,ZR,OF_ZR,0.406701551
D01,OF,NF,OF_NF,0.225335463
D01,OF,NF,OF_NF,0.290809839
D01,OF,NF,OF_NF,0.499800063
D01,OF,OF,OF_OF,0.086627964
D01,OF,OF,OF_OF,0.094174162
D01,OF,OR,OF_OR,0.279312576
D01,OF,OR,OF_OR,0.40214716
D01,OF,OR,OF_OR,0.416135494
D01,OF,ZF,OF_ZF,0.235780541
D01,OF,ZF,OF_ZF,0.37139658
D01,OF,ZF,OF_ZF,0.395755353
D01,OF,ZH,OF_ZH,0.343846341
D01,OF,ZH,OF_ZH,0.372368085
D01,OF,ZH,OF_ZH,0.3165895
D01,OF,ZR,OF_ZR,0.140304449
D01,OF,ZR,OF_ZR,0.434481084
D01,OF,ZR,OF_ZR,0.447697848
D01,OR,NF,OR_NF,0.385450427
D01,OR,NF,OR_NF,0.457671791
D01,OR,NF,OR_NF,0.602510314
D01,OR,OF,OR_OF,0.284580894
D01,OR,OF,OR_OF,0.264978872
D01,OR,OF,OR_OF,0.279312576
D01,OR,OR,OR_OR,0.289772554
D01,OR,OR,OR_OR,0.33550393
D01,OR,ZF,OR_ZF,0.356648543
D01,OR,ZF,OR_ZF,0.463447847
D01,OR,ZF,OR_ZF,0.476649015
D01,OR,ZH,OR_ZH,0.465509206
D01,OR,ZH,OR_ZH,0.505632056
D01,OR,ZH,OR_ZH,0.423721037
D01,OR,ZR,OR_ZR,0.357450981
D01,OR,ZR,OR_ZR,0.45920823
D01,OR,ZR,OR_ZR,0.527107533
D01,OR,NF,OR_NF,0.49550837
D01,OR,NF,OR_NF,0.568516041
D01,OR,NF,OR_NF,0.734404868
D01,OR,OF,OR_OF,0.407987176
D01,OR,OF,OR_OF,0.35622828
D01,OR,OF,OR_OF,0.40214716
D01,OR,OR,OR_OR,0.289772554
D01,OR,OR,OR_OR,0.350004414
D01,OR,ZF,OR_ZF,0.371082606
D01,OR,ZF,OR_ZF,0.324609346
D01,OR,ZF,OR_ZF,0.344194731
D01,OR,ZH,OR_ZH,0.450031153
D01,OR,ZH,OR_ZH,0.508985507
D01,OR,ZH,OR_ZH,0.27250673
D01,OR,ZR,OR_ZR,0.47894922
D01,OR,ZR,OR_ZR,0.495649992
D01,OR,ZR,OR_ZR,0.368025884
D01,OR,NF,OR_NF,0.486837641
D01,OR,NF,OR_NF,0.549481197
D01,OR,NF,OR_NF,0.699163195
D01,OR,OF,OR_OF,0.389297642
D01,OR,OF,OR_OF,0.434287218
D01,OR,OF,OR_OF,0.416135494
D01,OR,OR,OR_OR,0.33550393
D01,OR,OR,OR_OR,0.350004414
D01,OR,ZF,OR_ZF,0.492253648
D01,OR,ZF,OR_ZF,0.539270321
D01,OR,ZF,OR_ZF,0.553458563
D01,OR,ZH,OR_ZH,0.544436457
D01,OR,ZH,OR_ZH,0.556893585
D01,OR,ZH,OR_ZH,0.501886914
D01,OR,ZR,OR_ZR,0.442890017
D01,OR,ZR,OR_ZR,0.376019624
D01,OR,ZR,OR_ZR,0.60364186
D01,ZF,NF,ZF_NF,0.403700188
D01,ZF,NF,ZF_NF,0.475217226
D01,ZF,NF,ZF_NF,0.653069084
D01,ZF,OF,ZF_OF,0.295983753
D01,ZF,OF,ZF_OF,0.209852278
D01,ZF,OF,ZF_OF,0.235780541
D01,ZF,OR,ZF_OR,0.356648543
D01,ZF,OR,ZF_OR,0.371082606
D01,ZF,OR,ZF_OR,0.492253648
D01,ZF,ZF,ZF_ZF,0.219075899
D01,ZF,ZF,ZF_ZF,0.215660262
D01,ZF,ZH,ZF_ZH,0.25050918
D01,ZF,ZH,ZF_ZH,0.346853946
D01,ZF,ZH,ZF_ZH,0.15821818
D01,ZF,ZR,ZF_ZR,0.200126879
D01,ZF,ZR,ZF_ZR,0.433181776
D01,ZF,ZR,ZF_ZR,0.311738177
D01,ZF,NF,ZF_NF,0.522641233
D01,ZF,NF,ZF_NF,0.592018453
D01,ZF,NF,ZF_NF,0.735806051
D01,ZF,OF,ZF_OF,0.408350563
D01,ZF,OF,ZF_OF,0.336000006
D01,ZF,OF,ZF_OF,0.37139658
D01,ZF,OR,ZF_OR,0.463447847
D01,ZF,OR,ZF_OR,0.324609346
D01,ZF,OR,ZF_OR,0.539270321
D01,ZF,ZF,ZF_ZF,0.219075899
D01,ZF,ZF,ZF_ZF,0.055255562
D01,ZF,ZH,ZF_ZH,0.327068827
D01,ZF,ZH,ZF_ZH,0.416472723
D01,ZF,ZH,ZF_ZH,0.19437536
D01,ZF,ZR,ZF_ZR,0.383649167
D01,ZF,ZR,ZF_ZR,0.514582191
D01,ZF,ZR,ZF_ZR,0.120679622
D01,ZF,NF,ZF_NF,0.551524568
D01,ZF,NF,ZF_NF,0.621706254
D01,ZF,NF,ZF_NF,0.731733045
D01,ZF,OF,ZF_OF,0.440089118
D01,ZF,OF,ZF_OF,0.357947157
D01,ZF,OF,ZF_OF,0.395755353
D01,ZF,OR,ZF_OR,0.476649015
D01,ZF,OR,ZF_OR,0.344194731
D01,ZF,OR,ZF_OR,0.553458563
D01,ZF,ZF,ZF_ZF,0.215660262
D01,ZF,ZF,ZF_ZF,0.055255562
D01,ZF,ZH,ZF_ZH,0.320444423
D01,ZF,ZH,ZF_ZH,0.410315912
D01,ZF,ZH,ZF_ZH,0.186196347
D01,ZF,ZR,ZF_ZR,0.385478769
D01,ZF,ZR,ZF_ZR,0.544476144
D01,ZF,ZR,ZF_ZR,0.121974047
D01,ZH,NF,ZH_NF,0.49754959
D01,ZH,NF,ZH_NF,0.570634054
D01,ZH,NF,ZH_NF,0.734470641
D01,ZH,OF,ZH_OF,0.407841264
D01,ZH,OF,ZH_OF,0.319118395
D01,ZH,OF,ZH_OF,0.343846341
D01,ZH,OR,ZH_OR,0.465509206
D01,ZH,OR,ZH_OR,0.450031153
D01,ZH,OR,ZH_OR,0.544436457
D01,ZH,ZF,ZH_ZF,0.25050918
D01,ZH,ZF,ZH_ZF,0.327068827
D01,ZH,ZF,ZH_ZF,0.320444423
D01,ZH,ZH,ZH_ZH,0.181255333
D01,ZH,ZH,ZH_ZH,0.219059678
D01,ZH,ZR,ZH_ZR,0.328516884
D01,ZH,ZR,ZH_ZR,0.450510841
D01,ZH,ZR,ZH_ZR,0.379756305
D01,ZH,NF,ZH_NF,0.539152707
D01,ZH,NF,ZH_NF,0.600102911
D01,ZH,NF,ZH_NF,0.747874694
D01,ZH,OF,ZH_OF,0.434102379
D01,ZH,OF,ZH_OF,0.38923178
D01,ZH,OF,ZH_OF,0.372368085
D01,ZH,OR,ZH_OR,0.505632056
D01,ZH,OR,ZH_OR,0.508985507
D01,ZH,OR,ZH_OR,0.556893585
D01,ZH,ZF,ZH_ZF,0.346853946
D01,ZH,ZF,ZH_ZF,0.416472723
D01,ZH,ZF,ZH_ZF,0.410315912
D01,ZH,ZH,ZH_ZH,0.181255333
D01,ZH,ZH,ZH_ZH,0.297125562
D01,ZH,ZR,ZH_ZR,0.405230225
D01,ZH,ZR,ZH_ZR,0.559949577
D01,ZH,ZR,ZH_ZR,0.448689551
D01,ZH,NF,ZH_NF,0.487612887
D01,ZH,NF,ZH_NF,0.558062253
D01,ZH,NF,ZH_NF,0.743093602
D01,ZH,OF,ZH_OF,0.375623846
D01,ZH,OF,ZH_OF,0.293249672
D01,ZH,OF,ZH_OF,0.3165895
D01,ZH,OR,ZH_OR,0.423721037
D01,ZH,OR,ZH_OR,0.27250673
D01,ZH,OR,ZH_OR,0.501886914
D01,ZH,ZF,ZH_ZF,0.15821818
D01,ZH,ZF,ZH_ZF,0.19437536
D01,ZH,ZF,ZH_ZF,0.186196347
D01,ZH,ZH,ZH_ZH,0.219059678
D01,ZH,ZH,ZH_ZH,0.297125562
D01,ZH,ZR,ZH_ZR,0.304410162
D01,ZH,ZR,ZH_ZR,0.456570351
D01,ZH,ZR,ZH_ZR,0.248244369
D01,ZR,NF,ZR_NF,0.278081033
D01,ZR,NF,ZR_NF,0.347569038
D01,ZR,NF,ZR_NF,0.543446104
D01,ZR,OF,ZR_OF,0.164466144
D01,ZR,OF,ZR_OF,0.173601405
D01,ZR,OF,ZR_OF,0.140304449
D01,ZR,OR,ZR_OR,0.357450981
D01,ZR,OR,ZR_OR,0.47894922
D01,ZR,OR,ZR_OR,0.442890017
D01,ZR,ZF,ZR_ZF,0.200126879
D01,ZR,ZF,ZR_ZF,0.383649167
D01,ZR,ZF,ZR_ZF,0.385478769
D01,ZR,ZH,ZR_ZH,0.328516884
D01,ZR,ZH,ZR_ZH,0.405230225
D01,ZR,ZH,ZR_ZH,0.304410162
D01,ZR,ZR,ZR_ZR,0.358629315
D01,ZR,ZR,ZR_ZR,0.474008279
D01,ZR,NF,ZR_NF,0.515269052
D01,ZR,NF,ZR_NF,0.524241329
D01,ZR,NF,ZR_NF,0.728769789
D01,ZR,OF,ZR_OF,0.43196692
D01,ZR,OF,ZR_OF,0.474197033
D01,ZR,OF,ZR_OF,0.434481084
D01,ZR,OR,ZR_OR,0.45920823
D01,ZR,OR,ZR_OR,0.495649992
D01,ZR,OR,ZR_OR,0.376019624
D01,ZR,ZF,ZR_ZF,0.433181776
D01,ZR,ZF,ZR_ZF,0.514582191
D01,ZR,ZF,ZR_ZF,0.544476144
D01,ZR,ZH,ZR_ZH,0.450510841
D01,ZR,ZH,ZR_ZH,0.559949577
D01,ZR,ZH,ZR_ZH,0.456570351
D01,ZR,ZR,ZR_ZR,0.358629315
D01,ZR,ZR,ZR_ZR,0.620118133
D01,ZR,NF,ZR_NF,0.600598346
D01,ZR,NF,ZR_NF,0.663098452
D01,ZR,NF,ZR_NF,0.784434878
D01,ZR,OF,ZR_OF,0.496124797
D01,ZR,OF,ZR_OF,0.406701551
D01,ZR,OF,ZR_OF,0.447697848
D01,ZR,OR,ZR_OR,0.527107533
D01,ZR,OR,ZR_OR,0.368025884
D01,ZR,OR,ZR_OR,0.60364186
D01,ZR,ZF,ZR_ZF,0.311738177
D01,ZR,ZF,ZR_ZF,0.120679622
D01,ZR,ZF,ZR_ZF,0.121974047
D01,ZR,ZH,ZR_ZH,0.379756305
D01,ZR,ZH,ZR_ZH,0.448689551
D01,ZR,ZH,ZR_ZH,0.248244369
D01,ZR,ZR,ZR_ZR,0.474008279
D01,ZR,ZR,ZR_ZR,0.620118133
D02,NF,NF,NF_NF,0.100242094
D02,NF,NF,NF_NF,0.084446883
D02,NF,OF,NF_OF,0.161168137
D02,NF,OF,NF_OF,0.189738846
D02,NF,OF,NF_OF,0.296624339
D02,NF,OR,NF_OR,0.651678618
D02,NF,OR,NF_OR,0.735172674
D02,NF,ZF,NF_ZF,0.248173991
D02,NF,ZF,NF_ZF,0.181394211
D02,NF,ZF,NF_ZF,0.271619408
D02,NF,ZH,NF_ZH,0.604383365
D02,NF,ZH,NF_ZH,0.592345192
D02,NF,ZH,NF_ZH,0.568236998
D02,NF,ZR,NF_ZR,0.367359191
D02,NF,ZR,NF_ZR,0.371294397
D02,NF,ZR,NF_ZR,0.225036445
D02,NF,NF,NF_NF,0.100242094
D02,NF,NF,NF_NF,0.123181941
D02,NF,OF,NF_OF,0.191824898
D02,NF,OF,NF_OF,0.207696069
D02,NF,OF,NF_OF,0.318528162
D02,NF,OR,NF_OR,0.665013088
D02,NF,OR,NF_OR,0.746996302
D02,NF,ZF,NF_ZF,0.270385318
D02,NF,ZF,NF_ZF,0.17612348
D02,NF,ZF,NF_ZF,0.289305063
D02,NF,ZH,NF_ZH,0.649756248
D02,NF,ZH,NF_ZH,0.635382036
D02,NF,ZH,NF_ZH,0.61042824
D02,NF,ZR,NF_ZR,0.418410454
D02,NF,ZR,NF_ZR,0.423099325
D02,NF,ZR,NF_ZR,0.23228112
D02,NF,NF,NF_NF,0.084446883
D02,NF,NF,NF_NF,0.123181941
D02,NF,OF,NF_OF,0.193125847
D02,NF,OF,NF_OF,0.224417771
D02,NF,OF,NF_OF,0.350054532
D02,NF,OR,NF_OR,0.660831808
D02,NF,OR,NF_OR,0.744252796
D02,NF,ZF,NF_ZF,0.291220463
D02,NF,ZF,NF_ZF,0.225674507
D02,NF,ZF,NF_ZF,0.321665874
D02,NF,ZH,NF_ZH,0.623076859
D02,NF,ZH,NF_ZH,0.608223063
D02,NF,ZH,NF_ZH,0.586943979
D02,NF,ZR,NF_ZR,0.407408892
D02,NF,ZR,NF_ZR,0.417727105
D02,NF,ZR,NF_ZR,0.269790886
D02,OF,NF,OF_NF,0.161168137
D02,OF,NF,OF_NF,0.191824898
D02,OF,NF,OF_NF,0.193125847
D02,OF,OF,OF_OF,0.079749468
D02,OF,OF,OF_OF,0.208658814
D02,OF,OR,OF_OR,0.692700509
D02,OF,OR,OF_OR,0.776484072
D02,OF,ZF,OF_ZF,0.189996145
D02,OF,ZF,OF_ZF,0.172073032
D02,OF,ZF,OF_ZF,0.206100085
D02,OF,ZH,OF_ZH,0.523355064
D02,OF,ZH,OF_ZH,0.516461747
D02,OF,ZH,OF_ZH,0.484606218
D02,OF,ZR,OF_ZR,0.314854453
D02,OF,ZR,OF_ZR,0.316282537
D02,OF,ZR,OF_ZR,0.163307505
D02,OF,NF,OF_NF,0.189738846
D02,OF,NF,OF_NF,0.207696069
D02,OF,NF,OF_NF,0.224417771
D02,OF,OF,OF_OF,0.079749468
D02,OF,OF,OF_OF,0.167252025
D02,OF,OR,OF_OR,0.672549987
D02,OF,OR,OF_OR,0.756925787
D02,OF,ZF,OF_ZF,0.170806482
D02,OF,ZF,OF_ZF,0.173743102
D02,OF,ZF,OF_ZF,0.16477073
D02,OF,ZH,OF_ZH,0.51029356
D02,OF,ZH,OF_ZH,0.49843994
D02,OF,ZH,OF_ZH,0.470362337
D02,OF,ZR,OF_ZR,0.284220742
D02,OF,ZR,OF_ZR,0.283191803
D02,OF,ZR,OF_ZR,0.146720543
D02,OF,NF,OF_NF,0.296624339
D02,OF,NF,OF_NF,0.318528162
D02,OF,NF,OF_NF,0.350054532
D02,OF,OF,OF_OF,0.208658814
D02,OF,OF,OF_OF,0.167252025
D02,OF,OR,OF_OR,0.661479668
D02,OF,OR,OF_OR,0.745170606
D02,OF,ZF,OF_ZF,0.189420515
D02,OF,ZF,OF_ZF,0.274374675
D02,OF,ZF,OF_ZF,0.154770087
D02,OF,ZH,OF_ZH,0.435856649
D02,OF,ZH,OF_ZH,0.425083893
D02,OF,ZH,OF_ZH,0.39703831
D02,OF,ZR,OF_ZR,0.201198264
D02,OF,ZR,OF_ZR,0.202123481
D02,OF,ZR,OF_ZR,0.24662732
D02,OR,NF,OR_NF,0.651678618
D02,OR,NF,OR_NF,0.665013088
D02,OR,NF,OR_NF,0.660831808
D02,OR,OF,OR_OF,0.692700509
D02,OR,OF,OR_OF,0.672549987
D02,OR,OF,OR_OF,0.661479668
D02,OR,OR,OR_OR,0.145372459
D02,OR,ZF,OR_ZF,0.672726021
D02,OR,ZF,OR_ZF,0.680495703
D02,OR,ZF,OR_ZF,0.657531218
D02,OR,ZH,OR_ZH,0.740791972
D02,OR,ZH,OR_ZH,0.715752244
D02,OR,ZH,OR_ZH,0.712200292
D02,OR,ZR,OR_ZR,0.6546741
D02,OR,ZR,OR_ZR,0.641140861
D02,OR,ZR,OR_ZR,0.669016266
D02,OR,NF,OR_NF,0.735172674
D02,OR,NF,OR_NF,0.746996302
D02,OR,NF,OR_NF,0.744252796
D02,OR,OF,OR_OF,0.776484072
D02,OR,OF,OR_OF,0.756925787
D02,OR,OF,OR_OF,0.745170606
D02,OR,OR,OR_OR,0.145372459
D02,OR,ZF,OR_ZF,0.757409464
D02,OR,ZF,OR_ZF,0.765402442
D02,OR,ZF,OR_ZF,0.742337555
D02,OR,ZH,OR_ZH,0.802790781
D02,OR,ZH,OR_ZH,0.77531837
D02,OR,ZH,OR_ZH,0.796079487
D02,OR,ZR,OR_ZR,0.740243432
D02,OR,ZR,OR_ZR,0.725974829
D02,OR,ZR,OR_ZR,0.754037601
D02,ZF,NF,ZF_NF,0.248173991
D02,ZF,NF,ZF_NF,0.270385318
D02,ZF,NF,ZF_NF,0.291220463
D02,ZF,OF,ZF_OF,0.189996145
D02,ZF,OF,ZF_OF,0.170806482
D02,ZF,OF,ZF_OF,0.189420515
D02,ZF,OR,ZF_OR,0.672726021
D02,ZF,OR,ZF_OR,0.757409464
D02,ZF,ZF,ZF_ZF,0.181711186
D02,ZF,ZF,ZF_ZF,0.079370703
D02,ZF,ZH,ZF_ZH,0.427168293
D02,ZF,ZH,ZF_ZH,0.414339041
D02,ZF,ZH,ZF_ZH,0.390667233
D02,ZF,ZR,ZF_ZR,0.197295066
D02,ZF,ZR,ZF_ZR,0.216891208
D02,ZF,ZR,ZF_ZR,0.155113114
D02,ZF,NF,ZF_NF,0.181394211
D02,ZF,NF,ZF_NF,0.17612348
D02,ZF,NF,ZF_NF,0.225674507
D02,ZF,OF,ZF_OF,0.172073032
D02,ZF,OF,ZF_OF,0.173743102
D02,ZF,OF,ZF_OF,0.274374675
D02,ZF,OR,ZF_OR,0.680495703
D02,ZF,OR,ZF_OR,0.765402442
D02,ZF,ZF,ZF_ZF,0.181711186
D02,ZF,ZF,ZF_ZF,0.197860909
D02,ZF,ZH,ZF_ZH,0.595131189
D02,ZF,ZH,ZF_ZH,0.583128494
D02,ZF,ZH,ZF_ZH,0.554506842
D02,ZF,ZR,ZF_ZR,0.367134225
D02,ZF,ZR,ZF_ZR,0.370909835
D02,ZF,ZR,ZF_ZR,0.122138475
D02,ZF,NF,ZF_NF,0.271619408
D02,ZF,NF,ZF_NF,0.289305063
D02,ZF,NF,ZF_NF,0.321665874
D02,ZF,OF,ZF_OF,0.206100085
D02,ZF,OF,ZF_OF,0.16477073
D02,ZF,OF,ZF_OF,0.154770087
D02,ZF,OR,ZF_OR,0.657531218
D02,ZF,OR,ZF_OR,0.742337555
D02,ZF,ZF,ZF_ZF,0.079370703
D02,ZF,ZF,ZF_ZF,0.197860909
D02,ZF,ZH,ZF_ZH,0.425467419
D02,ZF,ZH,ZF_ZH,0.412958517
D02,ZF,ZH,ZF_ZH,0.388825202
D02,ZF,ZR,ZF_ZR,0.182345442
D02,ZF,ZR,ZF_ZR,0.176439022
D02,ZF,ZR,ZF_ZR,0.136050671
D02,ZH,NF,ZH_NF,0.604383365
D02,ZH,NF,ZH_NF,0.649756248
D02,ZH,NF,ZH_NF,0.623076859
D02,ZH,OF,ZH_OF,0.523355064
D02,ZH,OF,ZH_OF,0.51029356
D02,ZH,OF,ZH_OF,0.435856649
D02,ZH,OR,ZH_OR,0.740791972
D02,ZH,OR,ZH_OR,0.802790781
D02,ZH,ZF,ZH_ZF,0.427168293
D02,ZH,ZF,ZH_ZF,0.595131189
D02,ZH,ZF,ZH_ZF,0.425467419
D02,ZH,ZH,ZH_ZH,0.068018392
D02,ZH,ZH,ZH_ZH,0.051593063
D02,ZH,ZR,ZH_ZR,0.280603887
D02,ZH,ZR,ZH_ZR,0.311791106
D02,ZH,ZR,ZH_ZR,0.518963576
D02,ZH,NF,ZH_NF,0.592345192
D02,ZH,NF,ZH_NF,0.635382036
D02,ZH,NF,ZH_NF,0.608223063
D02,ZH,OF,ZH_OF,0.516461747
D02,ZH,OF,ZH_OF,0.49843994
D02,ZH,OF,ZH_OF,0.425083893
D02,ZH,OR,ZH_OR,0.715752244
D02,ZH,OR,ZH_OR,0.77531837
D02,ZH,ZF,ZH_ZF,0.414339041
D02,ZH,ZF,ZH_ZF,0.583128494
D02,ZH,ZF,ZH_ZF,0.412958517
D02,ZH,ZH,ZH_ZH,0.068018392
D02,ZH,ZH,ZH_ZH,0.06256577
D02,ZH,ZR,ZH_ZR,0.26878716
D02,ZH,ZR,ZH_ZR,0.294639552
D02,ZH,ZR,ZH_ZR,0.503867452
D02,ZH,NF,ZH_NF,0.568236998
D02,ZH,NF,ZH_NF,0.61042824
D02,ZH,NF,ZH_NF,0.586943979
D02,ZH,OF,ZH_OF,0.484606218
D02,ZH,OF,ZH_OF,0.470362337
D02,ZH,OF,ZH_OF,0.39703831
D02,ZH,OR,ZH_OR,0.712200292
D02,ZH,OR,ZH_OR,0.796079487
D02,ZH,ZF,ZH_ZF,0.390667233
D02,ZH,ZF,ZH_ZF,0.554506842
D02,ZH,ZF,ZH_ZF,0.388825202
D02,ZH,ZH,ZH_ZH,0.051593063
D02,ZH,ZH,ZH_ZH,0.06256577
D02,ZH,ZR,ZH_ZR,0.244258036
D02,ZH,ZR,ZH_ZR,0.278500253
D02,ZH,ZR,ZH_ZR,0.484906112
D02,ZR,NF,ZR_NF,0.367359191
D02,ZR,NF,ZR_NF,0.418410454
D02,ZR,NF,ZR_NF,0.407408892
D02,ZR,OF,ZR_OF,0.314854453
D02,ZR,OF,ZR_OF,0.284220742
D02,ZR,OF,ZR_OF,0.201198264
D02,ZR,OR,ZR_OR,0.6546741
D02,ZR,OR,ZR_OR,0.740243432
D02,ZR,ZF,ZR_ZF,0.197295066
D02,ZR,ZF,ZR_ZF,0.367134225
D02,ZR,ZF,ZR_ZF,0.182345442
D02,ZR,ZH,ZR_ZH,0.280603887
D02,ZR,ZH,ZR_ZH,0.26878716
D02,ZR,ZH,ZR_ZH,0.244258036
D02,ZR,ZR,ZR_ZR,0.086171803
D02,ZR,ZR,ZR_ZR,0.293665334
D02,ZR,NF,ZR_NF,0.371294397
D02,ZR,NF,ZR_NF,0.423099325
D02,ZR,NF,ZR_NF,0.417727105
D02,ZR,OF,ZR_OF,0.316282537
D02,ZR,OF,ZR_OF,0.283191803
D02,ZR,OF,ZR_OF,0.202123481
D02,ZR,OR,ZR_OR,0.641140861
D02,ZR,OR,ZR_OR,0.725974829
D02,ZR,ZF,ZR_ZF,0.216891208
D02,ZR,ZF,ZR_ZF,0.370909835
D02,ZR,ZF,ZR_ZF,0.176439022
D02,ZR,ZH,ZR_ZH,0.311791106
D02,ZR,ZH,ZR_ZH,0.294639552
D02,ZR,ZH,ZR_ZH,0.278500253
D02,ZR,ZR,ZR_ZR,0.086171803
D02,ZR,ZR,ZR_ZR,0.279840518
D02,ZR,NF,ZR_NF,0.225036445
D02,ZR,NF,ZR_NF,0.23228112
D02,ZR,NF,ZR_NF,0.269790886
D02,ZR,OF,ZR_OF,0.163307505
D02,ZR,OF,ZR_OF,0.146720543
D02,ZR,OF,ZR_OF,0.24662732
D02,ZR,OR,ZR_OR,0.669016266
D02,ZR,OR,ZR_OR,0.754037601
D02,ZR,ZF,ZR_ZF,0.155113114
D02,ZR,ZF,ZR_ZF,0.122138475
D02,ZR,ZF,ZR_ZF,0.136050671
D02,ZR,ZH,ZR_ZH,0.518963576
D02,ZR,ZH,ZR_ZH,0.503867452
D02,ZR,ZH,ZR_ZH,0.484906112
D02,ZR,ZR,ZR_ZR,0.293665334
D02,ZR,ZR,ZR_ZR,0.279840518
D03,NF,NF,NF_NF,0.126107096
D03,NF,NF,NF_NF,0.086677176
D03,NF,OF,NF_OF,0.384552064
D03,NF,OF,NF_OF,0.37932641
D03,NF,OF,NF_OF,0.342160915
D03,NF,OR,NF_OR,0.446623608
D03,NF,OR,NF_OR,0.399782823
D03,NF,OR,NF_OR,0.407643872
D03,NF,ZF,NF_ZF,0.283413202
D03,NF,ZF,NF_ZF,0.308637032
D03,NF,ZF,NF_ZF,0.308687912
D03,NF,ZH,NF_ZH,0.631397479
D03,NF,ZH,NF_ZH,0.638548295
D03,NF,ZH,NF_ZH,0.635021997
D03,NF,ZR,NF_ZR,0.532423597
D03,NF,ZR,NF_ZR,0.461096017
D03,NF,ZR,NF_ZR,0.302518691
D03,NF,NF,NF_NF,0.126107096
D03,NF,NF,NF_NF,0.071156125
D03,NF,OF,NF_OF,0.323792629
D03,NF,OF,NF_OF,0.353446276
D03,NF,OF,NF_OF,0.302901286
D03,NF,OR,NF_OR,0.384486788
D03,NF,OR,NF_OR,0.33279753
D03,NF,OR,NF_OR,0.351626543
D03,NF,ZF,NF_ZF,0.208940604
D03,NF,ZF,NF_ZF,0.223327941
D03,NF,ZF,NF_ZF,0.225303066
D03,NF,ZH,NF_ZH,0.560656316
D03,NF,ZH,NF_ZH,0.563931724
D03,NF,ZH,NF_ZH,0.559067319
D03,NF,ZR,NF_ZR,0.459812116
D03,NF,ZR,NF_ZR,0.383794894
D03,NF,ZR,NF_ZR,0.217482326
D03,NF,NF,NF_NF,0.086677176
D03,NF,NF,NF_NF,0.071156125
D03,NF,OF,NF_OF,0.340016102
D03,NF,OF,NF_OF,0.355795786
D03,NF,OF,NF_OF,0.307774281
D03,NF,OR,NF_OR,0.406883725
D03,NF,OR,NF_OR,0.356009532
D03,NF,OR,NF_OR,0.370829074
D03,NF,ZF,NF_ZF,0.237795156
D03,NF,ZF,NF_ZF,0.276984709
D03,NF,ZF,NF_ZF,0.277249391
D03,NF,ZH,NF_ZH,0.600588976
D03,NF,ZH,NF_ZH,0.608159758
D03,NF,ZH,NF_ZH,0.605814618
D03,NF,ZR,NF_ZR,0.500811837
D03,NF,ZR,NF_ZR,0.425719217
D03,NF,ZR,NF_ZR,0.266049256
D03,OF,NF,OF_NF,0.384552064
D03,OF,NF,OF_NF,0.323792629
D03,OF,NF,OF_NF,0.340016102
D03,OF,OF,OF_OF,0.137502583
D03,OF,OF,OF_OF,0.118427179
D03,OF,OR,OF_OR,0.426891804
D03,OF,OR,OF_OR,0.389054323
D03,OF,OR,OF_OR,0.399694097
D03,OF,ZF,OF_ZF,0.373334175
D03,OF,ZF,OF_ZF,0.335715816
D03,OF,ZF,OF_ZF,0.352753434
D03,OF,ZH,OF_ZH,0.59971518
D03,OF,ZH,OF_ZH,0.594115228
D03,OF,ZH,OF_ZH,0.58235553
D03,OF,ZR,OF_ZR,0.493078739
D03,OF,ZR,OF_ZR,0.465841892
D03,OF,ZR,OF_ZR,0.365915329
D03,OF,NF,OF_NF,0.37932641
D03,OF,NF,OF_NF,0.353446276
D03,OF,NF,OF_NF,0.355795786
D03,OF,OF,OF_OF,0.137502583
D03,OF,OF,OF_OF,0.089768923
D03,OF,OR,OF_OR,0.39199339
D03,OF,OR,OF_OR,0.36123979
D03,OF,OR,OF_OR,0.358387938
D03,OF,ZF,OF_ZF,0.353067512
D03,OF,ZF,OF_ZF,0.330389676
D03,OF,ZF,OF_ZF,0.349509364
D03,OF,ZH,OF_ZH,0.555922296
D03,OF,ZH,OF_ZH,0.56068785
D03,OF,ZH,OF_ZH,0.546226275
D03,OF,ZR,OF_ZR,0.457293037
D03,OF,ZR,OF_ZR,0.410886344
D03,OF,ZR,OF_ZR,0.347683646
D03,OF,NF,OF_NF,0.342160915
D03,OF,NF,OF_NF,0.302901286
D03,OF,NF,OF_NF,0.307774281
D03,OF,OF,OF_OF,0.118427179
D03,OF,OF,OF_OF,0.089768923
D03,OF,OR,OF_OR,0.400104378
D03,OF,OR,OF_OR,0.351918734
D03,OF,OR,OF_OR,0.36255319
D03,OF,ZF,OF_ZF,0.332624976
D03,OF,ZF,OF_ZF,0.322494413
D03,OF,ZF,OF_ZF,0.338045167
D03,OF,ZH,OF_ZH,0.583816656
D03,OF,ZH,OF_ZH,0.589625936
D03,OF,ZH,OF_ZH,0.577021553
D03,OF,ZR,OF_ZR,0.47451556
D03,OF,ZR,OF_ZR,0.420986395
D03,OF,ZR,OF_ZR,0.331493846
D03,OR,NF,OR_NF,0.446623608
D03,OR,NF,OR_NF,0.384486788
D03,OR,NF,OR_NF,0.406883725
D03,OR,OF,OR_OF,0.426891804
D03,OR,OF,OR_OF,0.39199339
D03,OR,OF,OR_OF,0.400104378
D03,OR,OR,OR_OR,0.177668533
D03,OR,OR,OR_OR,0.12560839
D03,OR,ZF,OR_ZF,0.39457751
D03,OR,ZF,OR_ZF,0.346328667
D03,OR,ZF,OR_ZF,0.357575668
D03,OR,ZH,OR_ZH,0.335204639
D03,OR,ZH,OR_ZH,0.371718058
D03,OR,ZH,OR_ZH,0.358135978
D03,OR,ZR,OR_ZR,0.316985625
D03,OR,ZR,OR_ZR,0.303762365
D03,OR,ZR,OR_ZR,0.347727898
D03,OR,NF,OR_NF,0.399782823
D03,OR,NF,OR_NF,0.33279753
D03,OR,NF,OR_NF,0.356009532
D03,OR,OF,OR_OF,0.389054323
D03,OR,OF,OR_OF,0.36123979
D03,OR,OF,OR_OF,0.351918734
D03,OR,OR,OR_OR,0.177668533
D03,OR,OR,OR_OR,0.133050785
D03,OR,ZF,OR_ZF,0.317610747
D03,OR,ZF,OR_ZF,0.300050168
D03,OR,ZF,OR_ZF,0.309972371
D03,OR,ZH,OR_ZH,0.416426167
D03,OR,ZH,OR_ZH,0.462207787
D03,OR,ZH,OR_ZH,0.44674368
D03,OR,ZR,OR_ZR,0.334971733
D03,OR,ZR,OR_ZR,0.29503435
D03,OR,ZR,OR_ZR,0.28861185
D03,OR,NF,OR_NF,0.407643872
D03,OR,NF,OR_NF,0.351626543
D03,OR,NF,OR_NF,0.370829074
D03,OR,OF,OR_OF,0.399694097
D03,OR,OF,OR_OF,0.358387938
D03,OR,OF,OR_OF,0.36255319
D03,OR,OR,OR_OR,0.12560839
D03,OR,OR,OR_OR,0.133050785
D03,OR,ZF,OR_ZF,0.350147844
D03,OR,ZF,OR_ZF,0.310547636
D03,OR,ZF,OR_ZF,0.318022433
D03,OR,ZH,OR_ZH,0.37274791
D03,OR,ZH,OR_ZH,0.430475682
D03,OR,ZH,OR_ZH,0.416877184
D03,OR,ZR,OR_ZR,0.297762446
D03,OR,ZR,OR_ZR,0.285075533
D03,OR,ZR,OR_ZR,0.311211841
D03,ZF,NF,ZF_NF,0.283413202
D03,ZF,NF,ZF_NF,0.208940604
D03,ZF,NF,ZF_NF,0.237795156
D03,ZF,OF,ZF_OF,0.373334175
D03,ZF,OF,ZF_OF,0.353067512
D03,ZF,OF,ZF_OF,0.332624976
D03,ZF,OR,ZF_OR,0.39457751
D03,ZF,OR,ZF_OR,0.317610747
D03,ZF,OR,ZF_OR,0.350147844
D03,ZF,ZF,ZF_ZF,0.190171765
D03,ZF,ZF,ZF_ZF,0.134514345
D03,ZF,ZH,ZF_ZH,0.468327089
D03,ZF,ZH,ZF_ZH,0.500091327
D03,ZF,ZH,ZF_ZH,0.509473444
D03,ZF,ZR,ZF_ZR,0.347674042
D03,ZF,ZR,ZF_ZR,0.238316625
D03,ZF,ZR,ZF_ZR,0.108406072
D03,ZF,NF,ZF_NF,0.308637032
D03,ZF,NF,ZF_NF,0.223327941
D03,ZF,NF,ZF_NF,0.276984709
D03,ZF,OF,ZF_OF,0.335715816
D03,ZF,OF,ZF_OF,0.330389676
D03,ZF,OF,ZF_OF,0.322494413
D03,ZF,OR,ZF_OR,0.346328667
D03,ZF,OR,ZF_OR,0.300050168
D03,ZF,OR,ZF_OR,0.310547636
D03,ZF,ZF,ZF_ZF,0.190171765
D03,ZF,ZF,ZF_ZF,0.077265021
D03,ZF,ZH,ZF_ZH,0.417828837
D03,ZF,ZH,ZF_ZH,0.421897186
D03,ZF,ZH,ZF_ZH,0.426181873
D03,ZF,ZR,ZF_ZR,0.293273914
D03,ZF,ZR,ZF_ZR,0.221569489
D03,ZF,ZR,ZF_ZR,0.106800054
D03,ZF,NF,ZF_NF,0.308687912
D03,ZF,NF,ZF_NF,0.225303066
D03,ZF,NF,ZF_NF,0.277249391
D03,ZF,OF,ZF_OF,0.352753434
D03,ZF,OF,ZF_OF,0.349509364
D03,ZF,OF,ZF_OF,0.338045167
D03,ZF,OR,ZF_OR,0.357575668
D03,ZF,OR,ZF_OR,0.309972371
D03,ZF,OR,ZF_OR,0.318022433
D03,ZF,ZF,ZF_ZF,0.134514345
D03,ZF,ZF,ZF_ZF,0.077265021
D03,ZF,ZH,ZF_ZH,0.416664156
D03,ZF,ZH,ZF_ZH,0.443190959
D03,ZF,ZH,ZF_ZH,0.444328447
D03,ZF,ZR,ZF_ZR,0.291290791
D03,ZF,ZR,ZF_ZR,0.202867254
D03,ZF,ZR,ZF_ZR,0.051454252
D03,ZH,NF,ZH_NF,0.631397479
D03,ZH,NF,ZH_NF,0.560656316
D03,ZH,NF,ZH_NF,0.600588976
D03,ZH,OF,ZH_OF,0.59971518
D03,ZH,OF,ZH_OF,0.555922296
D03,ZH,OF,ZH_OF,0.583816656
D03,ZH,OR,ZH_OR,0.335204639
D03,ZH,OR,ZH_OR,0.416426167
D03,ZH,OR,ZH_OR,0.37274791
D03,ZH,ZF,ZH_ZF,0.468327089
D03,ZH,ZF,ZH_ZF,0.417828837
D03,ZH,ZF,ZH_ZF,0.416664156
D03,ZH,ZH,ZH_ZH,0.261036596
D03,ZH,ZH,ZH_ZH,0.279107153
D03,ZH,ZR,ZH_ZR,0.172314789
D03,ZH,ZR,ZH_ZR,0.266201076
D03,ZH,ZR,ZH_ZR,0.408085797
D03,ZH,NF,ZH_NF,0.638548295
D03,ZH,NF,ZH_NF,0.563931724
D03,ZH,NF,ZH_NF,0.608159758
D03,ZH,OF,ZH_OF,0.594115228
D03,ZH,OF,ZH_OF,0.56068785
D03,ZH,OF,ZH_OF,0.589625936
D03,ZH,OR,ZH_OR,0.371718058
D03,ZH,OR,ZH_OR,0.462207787
D03,ZH,OR,ZH_OR,0.430475682
D03,ZH,ZF,ZH_ZF,0.500091327
D03,ZH,ZF,ZH_ZF,0.421897186
D03,ZH,ZF,ZH_ZF,0.443190959
D03,ZH,ZH,ZH_ZH,0.261036596
D03,ZH,ZH,ZH_ZH,0.06251683
D03,ZH,ZR,ZH_ZR,0.297439665
D03,ZH,ZR,ZH_ZR,0.324409915
D03,ZH,ZR,ZH_ZR,0.437458917
D03,ZH,NF,ZH_NF,0.635021997
D03,ZH,NF,ZH_NF,0.559067319
D03,ZH,NF,ZH_NF,0.605814618
D03,ZH,OF,ZH_OF,0.58235553
D03,ZH,OF,ZH_OF,0.546226275
D03,ZH,OF,ZH_OF,0.577021553
D03,ZH,OR,ZH_OR,0.358135978
D03,ZH,OR,ZH_OR,0.44674368
D03,ZH,OR,ZH_OR,0.416877184
D03,ZH,ZF,ZH_ZF,0.509473444
D03,ZH,ZF,ZH_ZF,0.426181873
D03,ZH,ZF,ZH_ZF,0.444328447
D03,ZH,ZH,ZH_ZH,0.279107153
D03,ZH,ZH,ZH_ZH,0.06251683
D03,ZH,ZR,ZH_ZR,0.31665409
D03,ZH,ZR,ZH_ZR,0.343244628
D03,ZH,ZR,ZH_ZR,0.440973384
D03,ZR,NF,ZR_NF,0.532423597
D03,ZR,NF,ZR_NF,0.459812116
D03,ZR,NF,ZR_NF,0.500811837
D03,ZR,OF,ZR_OF,0.493078739
D03,ZR,OF,ZR_OF,0.457293037
D03,ZR,OF,ZR_OF,0.47451556
D03,ZR,OR,ZR_OR,0.316985625
D03,ZR,OR,ZR_OR,0.334971733
D03,ZR,OR,ZR_OR,0.297762446
D03,ZR,ZF,ZR_ZF,0.347674042
D03,ZR,ZF,ZR_ZF,0.293273914
D03,ZR,ZF,ZR_ZF,0.291290791
D03,ZR,ZH,ZR_ZH,0.172314789
D03,ZR,ZH,ZR_ZH,0.297439665
D03,ZR,ZH,ZR_ZH,0.31665409
D03,ZR,ZR,ZR_ZR,0.16576689
D03,ZR,ZR,ZR_ZR,0.284359694
D03,ZR,NF,ZR_NF,0.461096017
D03,ZR,NF,ZR_NF,0.383794894
D03,ZR,NF,ZR_NF,0.425719217
D03,ZR,OF,ZR_OF,0.465841892
D03,ZR,OF,ZR_OF,0.410886344
D03,ZR,OF,ZR_OF,0.420986395
D03,ZR,OR,ZR_OR,0.303762365
D03,ZR,OR,ZR_OR,0.29503435
D03,ZR,OR,ZR_OR,0.285075533
D03,ZR,ZF,ZR_ZF,0.238316625
D03,ZR,ZF,ZR_ZF,0.221569489
D03,ZR,ZF,ZR_ZF,0.202867254
D03,ZR,ZH,ZR_ZH,0.266201076
D03,ZR,ZH,ZR_ZH,0.324409915
D03,ZR,ZH,ZR_ZH,0.343244628
D03,ZR,ZR,ZR_ZR,0.16576689
D03,ZR,ZR,ZR_ZR,0.183670198
D03,ZR,NF,ZR_NF,0.302518691
D03,ZR,NF,ZR_NF,0.217482326
D03,ZR,NF,ZR_NF,0.266049256
D03,ZR,OF,ZR_OF,0.365915329
D03,ZR,OF,ZR_OF,0.347683646
D03,ZR,OF,ZR_OF,0.331493846
D03,ZR,OR,ZR_OR,0.347727898
D03,ZR,OR,ZR_OR,0.28861185
D03,ZR,OR,ZR_OR,0.311211841
D03,ZR,ZF,ZR_ZF,0.108406072
D03,ZR,ZF,ZR_ZF,0.106800054
D03,ZR,ZF,ZR_ZF,0.051454252
D03,ZR,ZH,ZR_ZH,0.408085797
D03,ZR,ZH,ZR_ZH,0.437458917
D03,ZR,ZH,ZR_ZH,0.440973384
D03,ZR,ZR,ZR_ZR,0.284359694
D03,ZR,ZR,ZR_ZR,0.183670198
D04,NF,NF,NF_NF,0.072912181
D04,NF,NF,NF_NF,0.0865422
D04,NF,OF,NF_OF,0.35160288
D04,NF,OF,NF_OF,0.17791825
D04,NF,OF,NF_OF,0.1773472
D04,NF,OR,NF_OR,0.353859917
D04,NF,OR,NF_OR,0.364646648
D04,NF,ZF,NF_ZF,0.281630723
D04,NF,ZF,NF_ZF,0.308349772
D04,NF,ZF,NF_ZF,0.301731963
D04,NF,ZH,NF_ZH,0.466904042
D04,NF,ZH,NF_ZH,0.487894393
D04,NF,ZH,NF_ZH,0.494409467
D04,NF,ZR,NF_ZR,0.387095749
D04,NF,ZR,NF_ZR,0.386014596
D04,NF,ZR,NF_ZR,0.558878607
D04,NF,NF,NF_NF,0.072912181
D04,NF,NF,NF_NF,0.127941459
D04,NF,OF,NF_OF,0.393998024
D04,NF,OF,NF_OF,0.207322205
D04,NF,OF,NF_OF,0.179296696
D04,NF,OR,NF_OR,0.386613323
D04,NF,OR,NF_OR,0.398081699
D04,NF,ZF,NF_ZF,0.308952315
D04,NF,ZF,NF_ZF,0.309058297
D04,NF,ZF,NF_ZF,0.316890302
D04,NF,ZH,NF_ZH,0.458977637
D04,NF,ZH,NF_ZH,0.480482799
D04,NF,ZH,NF_ZH,0.481532625
D04,NF,ZR,NF_ZR,0.428440297
D04,NF,ZR,NF_ZR,0.384358306
D04,NF,ZR,NF_ZR,0.592050791
D04,NF,NF,NF_NF,0.0865422
D04,NF,NF,NF_NF,0.127941459
D04,NF,OF,NF_OF,0.278502181
D04,NF,OF,NF_OF,0.157368389
D04,NF,OF,NF_OF,0.205308898
D04,NF,OR,NF_OR,0.285622294
D04,NF,OR,NF_OR,0.291646051
D04,NF,ZF,NF_ZF,0.30231376
D04,NF,ZF,NF_ZF,0.329343131
D04,NF,ZF,NF_ZF,0.315864975
D04,NF,ZH,NF_ZH,0.476729638
D04,NF,ZH,NF_ZH,0.49396565
D04,NF,ZH,NF_ZH,0.501041176
D04,NF,ZR,NF_ZR,0.3198493
D04,NF,ZR,NF_ZR,0.396879612
D04,NF,ZR,NF_ZR,0.479058837
D04,OF,NF,OF_NF,0.35160288
D04,OF,NF,OF_NF,0.393998024
D04,OF,NF,OF_NF,0.278502181
D04,OF,OF,OF_OF,0.277666511
D04,OF,OF,OF_OF,0.342421435
D04,OF,OR,OF_OR,0.20115108
D04,OF,OR,OF_OR,0.222327904
D04,OF,ZF,OF_ZF,0.354822799
D04,OF,ZF,OF_ZF,0.374634648
D04,OF,ZF,OF_ZF,0.35861373
D04,OF,ZH,OF_ZH,0.480453013
D04,OF,ZH,OF_ZH,0.497199852
D04,OF,ZH,OF_ZH,0.492358394
D04,OF,ZR,OF_ZR,0.328696059
D04,OF,ZR,OF_ZR,0.414428681
D04,OF,ZR,OF_ZR,0.395250591
D04,OF,NF,OF_NF,0.17791825
D04,OF,NF,OF_NF,0.207322205
D04,OF,NF,OF_NF,0.157368389
D04,OF,OF,OF_OF,0.277666511
D04,OF,OF,OF_OF,0.082832106
D04,OF,OR,OF_OR,0.299308074
D04,OF,OR,OF_OR,0.297186065
D04,OF,ZF,OF_ZF,0.267255707
D04,OF,ZF,OF_ZF,0.279352761
D04,OF,ZF,OF_ZF,0.268305676
D04,OF,ZH,OF_ZH,0.412627644
D04,OF,ZH,OF_ZH,0.431305227
D04,OF,ZH,OF_ZH,0.425239364
D04,OF,ZR,OF_ZR,0.313971473
D04,OF,ZR,OF_ZR,0.34969695
D04,OF,ZR,OF_ZR,0.463869883
D04,OF,NF,OF_NF,0.1773472
D04,OF,NF,OF_NF,0.179296696
D04,OF,NF,OF_NF,0.205308898
D04,OF,OF,OF_OF,0.342421435
D04,OF,OF,OF_OF,0.082832106
D04,OF,OR,OF_OR,0.350950599
D04,OF,OR,OF_OR,0.347572912
D04,OF,ZF,OF_ZF,0.274890523
D04,OF,ZF,OF_ZF,0.268953681
D04,OF,ZF,OF_ZF,0.270258344
D04,OF,ZH,OF_ZH,0.399066245
D04,OF,ZH,OF_ZH,0.419583726
D04,OF,ZH,OF_ZH,0.414848302
D04,OF,ZR,OF_ZR,0.3811019
D04,OF,ZR,OF_ZR,0.352943235
D04,OF,ZR,OF_ZR,0.538305187
D04,OR,NF,OR_NF,0.353859917
D04,OR,NF,OR_NF,0.386613323
D04,OR,NF,OR_NF,0.285622294
D04,OR,OF,OR_OF,0.20115108
D04,OR,OF,OR_OF,0.299308074
D04,OR,OF,OR_OF,0.350950599
D04,OR,OR,OR_OR,0.071850167
D04,OR,ZF,OR_ZF,0.401238061
D04,OR,ZF,OR_ZF,0.43067665
D04,OR,ZF,OR_ZF,0.420617736
D04,OR,ZH,OR_ZH,0.540930378
D04,OR,ZH,OR_ZH,0.538306763
D04,OR,ZH,OR_ZH,0.55840858
D04,OR,ZR,OR_ZR,0.385921473
D04,OR,ZR,OR_ZR,0.469538541
D04,OR,ZR,OR_ZR,0.424626094
D04,OR,NF,OR_NF,0.364646648
D04,OR,NF,OR_NF,0.398081699
D04,OR,NF,OR_NF,0.291646051
D04,OR,OF,OR_OF,0.222327904
D04,OR,OF,OR_OF,0.297186065
D04,OR,OF,OR_OF,0.347572912
D04,OR,OR,OR_OR,0.071850167
D04,OR,ZF,OR_ZF,0.418180911
D04,OR,ZF,OR_ZF,0.446363589
D04,OR,ZF,OR_ZF,0.435067607
D04,OR,ZH,OR_ZH,0.54010963
D04,OR,ZH,OR_ZH,0.546268493
D04,OR,ZH,OR_ZH,0.553219782
D04,OR,ZR,OR_ZR,0.395398589
D04,OR,ZR,OR_ZR,0.477841814
D04,OR,ZR,OR_ZR,0.425724853
D04,ZF,NF,ZF_NF,0.281630723
D04,ZF,NF,ZF_NF,0.308952315
D04,ZF,NF,ZF_NF,0.30231376
D04,ZF,OF,ZF_OF,0.354822799
D04,ZF,OF,ZF_OF,0.267255707
D04,ZF,OF,ZF_OF,0.274890523
D04,ZF,OR,ZF_OR,0.401238061
D04,ZF,OR,ZF_OR,0.418180911
D04,ZF,ZF,ZF_ZF,0.070287194
D04,ZF,ZF,ZF_ZF,0.046372079
D04,ZF,ZH,ZF_ZH,0.344790183
D04,ZF,ZH,ZF_ZH,0.356288885
D04,ZF,ZH,ZF_ZH,0.367139647
D04,ZF,ZR,ZF_ZR,0.190152284
D04,ZF,ZR,ZF_ZR,0.154233923
D04,ZF,ZR,ZF_ZR,0.358086013
D04,ZF,NF,ZF_NF,0.308349772
D04,ZF,NF,ZF_NF,0.309058297
D04,ZF,NF,ZF_NF,0.329343131
D04,ZF,OF,ZF_OF,0.374634648
D04,ZF,OF,ZF_OF,0.279352761
D04,ZF,OF,ZF_OF,0.268953681
D04,ZF,OR,ZF_OR,0.43067665
D04,ZF,OR,ZF_OR,0.446363589
D04,ZF,ZF,ZF_ZF,0.070287194
D04,ZF,ZF,ZF_ZF,0.047634821
D04,ZF,ZH,ZF_ZH,0.314275825
D04,ZF,ZH,ZF_ZH,0.317149165
D04,ZF,ZH,ZF_ZH,0.332044717
D04,ZF,ZR,ZF_ZR,0.19535556
D04,ZF,ZR,ZF_ZR,0.13155413
D04,ZF,ZR,ZF_ZR,0.360523163
D04,ZF,NF,ZF_NF,0.301731963
D04,ZF,NF,ZF_NF,0.316890302
D04,ZF,NF,ZF_NF,0.315864975
D04,ZF,OF,ZF_OF,0.35861373
D04,ZF,OF,ZF_OF,0.268305676
D04,ZF,OF,ZF_OF,0.270258344
D04,ZF,OR,ZF_OR,0.420617736
D04,ZF,OR,ZF_OR,0.435067607
D04,ZF,ZF,ZF_ZF,0.046372079
D04,ZF,ZF,ZF_ZF,0.047634821
D04,ZF,ZH,ZF_ZH,0.337762946
D04,ZF,ZH,ZF_ZH,0.344709975
D04,ZF,ZH,ZF_ZH,0.35584804
D04,ZF,ZR,ZF_ZR,0.181563865
D04,ZF,ZR,ZF_ZR,0.141787432
D04,ZF,ZR,ZF_ZR,0.348719107
D04,ZH,NF,ZH_NF,0.466904042
D04,ZH,NF,ZH_NF,0.458977637
D04,ZH,NF,ZH_NF,0.476729638
D04,ZH,OF,ZH_OF,0.480453013
D04,ZH,OF,ZH_OF,0.412627644
D04,ZH,OF,ZH_OF,0.399066245
D04,ZH,OR,ZH_OR,0.540930378
D04,ZH,OR,ZH_OR,0.54010963
D04,ZH,ZF,ZH_ZF,0.344790183
D04,ZH,ZF,ZH_ZF,0.314275825
D04,ZH,ZF,ZH_ZF,0.337762946
D04,ZH,ZH,ZH_ZH,0.071903572
D04,ZH,ZH,ZH_ZH,0.063487404
D04,ZH,ZR,ZH_ZR,0.306871877
D04,ZH,ZR,ZH_ZR,0.290763564
D04,ZH,ZR,ZH_ZR,0.332348454
D04,ZH,NF,ZH_NF,0.487894393
D04,ZH,NF,ZH_NF,0.480482799
D04,ZH,NF,ZH_NF,0.49396565
D04,ZH,OF,ZH_OF,0.497199852
D04,ZH,OF,ZH_OF,0.431305227
D04,ZH,OF,ZH_OF,0.419583726
D04,ZH,OR,ZH_OR,0.538306763
D04,ZH,OR,ZH_OR,0.546268493
D04,ZH,ZF,ZH_ZF,0.356288885
D04,ZH,ZF,ZH_ZF,0.317149165
D04,ZH,ZF,ZH_ZF,0.344709975
D04,ZH,ZH,ZH_ZH,0.071903572
D04,ZH,ZH,ZH_ZH,0.081858008
D04,ZH,ZR,ZH_ZR,0.317813778
D04,ZH,ZR,ZH_ZR,0.300415986
D04,ZH,ZR,ZH_ZR,0.348202261
D04,ZH,NF,ZH_NF,0.494409467
D04,ZH,NF,ZH_NF,0.481532625
D04,ZH,NF,ZH_NF,0.501041176
D04,ZH,OF,ZH_OF,0.492358394
D04,ZH,OF,ZH_OF,0.425239364
D04,ZH,OF,ZH_OF,0.414848302
D04,ZH,OR,ZH_OR,0.55840858
D04,ZH,OR,ZH_OR,0.553219782
D04,ZH,ZF,ZH_ZF,0.367139647
D04,ZH,ZF,ZH_ZF,0.332044717
D04,ZH,ZF,ZH_ZF,0.35584804
D04,ZH,ZH,ZH_ZH,0.063487404
D04,ZH,ZH,ZH_ZH,0.081858008
D04,ZH,ZR,ZH_ZR,0.299997897
D04,ZH,ZR,ZH_ZR,0.305160114
D04,ZH,ZR,ZH_ZR,0.327487558
D04,ZR,NF,ZR_NF,0.387095749
D04,ZR,NF,ZR_NF,0.428440297
D04,ZR,NF,ZR_NF,0.3198493
D04,ZR,OF,ZR_OF,0.328696059
D04,ZR,OF,ZR_OF,0.313971473
D04,ZR,OF,ZR_OF,0.3811019
D04,ZR,OR,ZR_OR,0.385921473
D04,ZR,OR,ZR_OR,0.395398589
D04,ZR,ZF,ZR_ZF,0.190152284
D04,ZR,ZF,ZR_ZF,0.19535556
D04,ZR,ZF,ZR_ZF,0.181563865
D04,ZR,ZH,ZR_ZH,0.306871877
D04,ZR,ZH,ZR_ZH,0.317813778
D04,ZR,ZH,ZR_ZH,0.299997897
D04,ZR,ZR,ZR_ZR,0.174905595
D04,ZR,ZR,ZR_ZR,0.179597217
D04,ZR,NF,ZR_NF,0.386014596
D04,ZR,NF,ZR_NF,0.384358306
D04,ZR,NF,ZR_NF,0.396879612
D04,ZR,OF,ZR_OF,0.414428681
D04,ZR,OF,ZR_OF,0.34969695
D04,ZR,OF,ZR_OF,0.352943235
D04,ZR,OR,ZR_OR,0.469538541
D04,ZR,OR,ZR_OR,0.477841814
D04,ZR,ZF,ZR_ZF,0.154233923
D04,ZR,ZF,ZR_ZF,0.13155413
D04,ZR,ZF,ZR_ZF,0.141787432
D04,ZR,ZH,ZR_ZH,0.290763564
D04,ZR,ZH,ZR_ZH,0.300415986
D04,ZR,ZH,ZR_ZH,0.305160114
D04,ZR,ZR,ZR_ZR,0.174905595
D04,ZR,ZR,ZR_ZR,0.325669066
D04,ZR,NF,ZR_NF,0.558878607
D04,ZR,NF,ZR_NF,0.592050791
D04,ZR,NF,ZR_NF,0.479058837
D04,ZR,OF,ZR_OF,0.395250591
D04,ZR,OF,ZR_OF,0.463869883
D04,ZR,OF,ZR_OF,0.538305187
D04,ZR,OR,ZR_OR,0.424626094
D04,ZR,OR,ZR_OR,0.425724853
D04,ZR,ZF,ZR_ZF,0.358086013
D04,ZR,ZF,ZR_ZF,0.360523163
D04,ZR,ZF,ZR_ZF,0.348719107
D04,ZR,ZH,ZR_ZH,0.332348454
D04,ZR,ZH,ZR_ZH,0.348202261
D04,ZR,ZH,ZR_ZH,0.327487558
D04,ZR,ZR,ZR_ZR,0.179597217
D04,ZR,ZR,ZR_ZR,0.325669066
D05,NF,NF,NF_NF,0.246353252
D05,NF,NF,NF_NF,0.177068498
D05,NF,OF,NF_OF,0.366505642
D05,NF,OF,NF_OF,0.352935364
D05,NF,OF,NF_OF,0.367799467
D05,NF,ZF,NF_ZF,0.444229433
D05,NF,ZF,NF_ZF,0.365811237
D05,NF,ZF,NF_ZF,0.449692977
D05,NF,ZH,NF_ZH,0.533119443
D05,NF,ZH,NF_ZH,0.4882163
D05,NF,ZH,NF_ZH,0.586556851
D05,NF,ZR,NF_ZR,0.411309954
D05,NF,ZR,NF_ZR,0.433836477
D05,NF,ZR,NF_ZR,0.446687447
D05,NF,NF,NF_NF,0.246353252
D05,NF,NF,NF_NF,0.144317015
D05,NF,OF,NF_OF,0.359665378
D05,NF,OF,NF_OF,0.334049925
D05,NF,OF,NF_OF,0.280645141
D05,NF,ZF,NF_ZF,0.434839179
D05,NF,ZF,NF_ZF,0.263668619
D05,NF,ZF,NF_ZF,0.40371514
D05,NF,ZH,NF_ZH,0.595298649
D05,NF,ZH,NF_ZH,0.533365486
D05,NF,ZH,NF_ZH,0.645254475
D05,NF,ZR,NF_ZR,0.337702892
D05,NF,ZR,NF_ZR,0.38682344
D05,NF,ZR,NF_ZR,0.382434614
D05,NF,NF,NF_NF,0.177068498
D05,NF,NF,NF_NF,0.144317015
D05,NF,OF,NF_OF,0.363088173
D05,NF,OF,NF_OF,0.343357568
D05,NF,OF,NF_OF,0.340289526
D05,NF,ZF,NF_ZF,0.444984286
D05,NF,ZF,NF_ZF,0.327826297
D05,NF,ZF,NF_ZF,0.438691325
D05,NF,ZH,NF_ZH,0.618389249
D05,NF,ZH,NF_ZH,0.571717119
D05,NF,ZH,NF_ZH,0.671440377
D05,NF,ZR,NF_ZR,0.384721567
D05,NF,ZR,NF_ZR,0.424292659
D05,NF,ZR,NF_ZR,0.429080286
D05,OF,NF,OF_NF,0.366505642
D05,OF,NF,OF_NF,0.359665378
D05,OF,NF,OF_NF,0.363088173
D05,OF,OF,OF_OF,0.08122483
D05,OF,OF,OF_OF,0.165110148
D05,OF,ZF,OF_ZF,0.287467399
D05,OF,ZF,OF_ZF,0.274711549
D05,OF,ZF,OF_ZF,0.223410236
D05,OF,ZH,OF_ZH,0.403370972
D05,OF,ZH,OF_ZH,0.393249752
D05,OF,ZH,OF_ZH,0.437566264
D05,OF,ZR,OF_ZR,0.218348011
D05,OF,ZR,OF_ZR,0.256891473
D05,OF,ZR,OF_ZR,0.205775464
D05,OF,NF,OF_NF,0.352935364
D05,OF,NF,OF_NF,0.334049925
D05,OF,NF,OF_NF,0.343357568
D05,OF,OF,OF_OF,0.08122483
D05,OF,OF,OF_OF,0.169962468
D05,OF,ZF,OF_ZF,0.341062712
D05,OF,ZF,OF_ZF,0.30236426
D05,OF,ZF,OF_ZF,0.283003986
D05,OF,ZH,OF_ZH,0.461379517
D05,OF,ZH,OF_ZH,0.441318716
D05,OF,ZH,OF_ZH,0.495976764
D05,OF,ZR,OF_ZR,0.265685905
D05,OF,ZR,OF_ZR,0.304540316
D05,OF,ZR,OF_ZR,0.261661559
D05,OF,NF,OF_NF,0.367799467
D05,OF,NF,OF_NF,0.280645141
D05,OF,NF,OF_NF,0.340289526
D05,OF,OF,OF_OF,0.165110148
D05,OF,OF,OF_OF,0.169962468
D05,OF,ZF,OF_ZF,0.332526923
D05,OF,ZF,OF_ZF,0.228448264
D05,OF,ZF,OF_ZF,0.261960246
D05,OF,ZH,OF_ZH,0.491313728
D05,OF,ZH,OF_ZH,0.464309898
D05,OF,ZH,OF_ZH,0.525912696
D05,OF,ZR,OF_ZR,0.16033182
D05,OF,ZR,OF_ZR,0.251884886
D05,OF,ZR,OF_ZR,0.184395207
D05,ZF,NF,ZF_NF,0.444229433
D05,ZF,NF,ZF_NF,0.434839179
D05,ZF,NF,ZF_NF,0.444984286
D05,ZF,OF,ZF_OF,0.287467399
D05,ZF,OF,ZF_OF,0.341062712
D05,ZF,OF,ZF_OF,0.332526923
D05,ZF,ZF,ZF_ZF,0.285689067
D05,ZF,ZF,ZF_ZF,0.154014673
D05,ZF,ZH,ZF_ZH,0.225976621
D05,ZF,ZH,ZF_ZH,0.193306321
D05,ZF,ZH,ZF_ZH,0.280106891
D05,ZF,ZR,ZF_ZR,0.224669449
D05,ZF,ZR,ZF_ZR,0.154268627
D05,ZF,ZR,ZF_ZR,0.251687973
D05,ZF,NF,ZF_NF,0.365811237
D05,ZF,NF,ZF_NF,0.263668619
D05,ZF,NF,ZF_NF,0.327826297
D05,ZF,OF,ZF_OF,0.274711549
D05,ZF,OF,ZF_OF,0.30236426
D05,ZF,OF,ZF_OF,0.228448264
D05,ZF,ZF,ZF_ZF,0.285689067
D05,ZF,ZF,ZF_ZF,0.216608905
D05,ZF,ZH,ZF_ZH,0.485673734
D05,ZF,ZH,ZF_ZH,0.436513424
D05,ZF,ZH,ZF_ZH,0.54021033
D05,ZF,ZR,ZF_ZR,0.169197804
D05,ZF,ZR,ZF_ZR,0.183750412
D05,ZF,ZR,ZF_ZR,0.20822391
D05,ZF,NF,ZF_NF,0.449692977
D05,ZF,NF,ZF_NF,0.40371514
D05,ZF,NF,ZF_NF,0.438691325
D05,ZF,OF,ZF_OF,0.223410236
D05,ZF,OF,ZF_OF,0.283003986
D05,ZF,OF,ZF_OF,0.261960246
D05,ZF,ZF,ZF_ZF,0.154014673
D05,ZF,ZF,ZF_ZF,0.216608905
D05,ZF,ZH,ZF_ZH,0.299275402
D05,ZF,ZH,ZF_ZH,0.283428711
D05,ZF,ZH,ZF_ZH,0.352069639
D05,ZF,ZR,ZF_ZR,0.1458963
D05,ZF,ZR,ZF_ZR,0.077460367
D05,ZF,ZR,ZF_ZR,0.14135016
D05,ZH,NF,ZH_NF,0.533119443
D05,ZH,NF,ZH_NF,0.595298649
D05,ZH,NF,ZH_NF,0.618389249
D05,ZH,OF,ZH_OF,0.403370972
D05,ZH,OF,ZH_OF,0.461379517
D05,ZH,OF,ZH_OF,0.491313728
D05,ZH,ZF,ZH_ZF,0.225976621
D05,ZH,ZF,ZH_ZF,0.485673734
D05,ZH,ZF,ZH_ZF,0.299275402
D05,ZH,ZH,ZH_ZH,0.152568356
D05,ZH,ZH,ZH_ZH,0.063969417
D05,ZH,ZR,ZH_ZR,0.408560402
D05,ZH,ZR,ZH_ZR,0.34677642
D05,ZH,ZR,ZH_ZR,0.395471298
D05,ZH,NF,ZH_NF,0.4882163
D05,ZH,NF,ZH_NF,0.533365486
D05,ZH,NF,ZH_NF,0.571717119
D05,ZH,OF,ZH_OF,0.393249752
D05,ZH,OF,ZH_OF,0.441318716
D05,ZH,OF,ZH_OF,0.464309898
D05,ZH,ZF,ZH_ZF,0.193306321
D05,ZH,ZF,ZH_ZF,0.436513424
D05,ZH,ZF,ZH_ZF,0.283428711
D05,ZH,ZH,ZH_ZH,0.152568356
D05,ZH,ZH,ZH_ZH,0.202031612
D05,ZH,ZR,ZH_ZR,0.374355429
D05,ZH,ZR,ZH_ZR,0.303016001
D05,ZH,ZR,ZH_ZR,0.385964406
D05,ZH,NF,ZH_NF,0.586556851
D05,ZH,NF,ZH_NF,0.645254475
D05,ZH,NF,ZH_NF,0.671440377
D05,ZH,OF,ZH_OF,0.437566264
D05,ZH,OF,ZH_OF,0.495976764
D05,ZH,OF,ZH_OF,0.525912696
D05,ZH,ZF,ZH_ZF,0.280106891
D05,ZH,ZF,ZH_ZF,0.54021033
D05,ZH,ZF,ZH_ZF,0.352069639
D05,ZH,ZH,ZH_ZH,0.063969417
D05,ZH,ZH,ZH_ZH,0.202031612
D05,ZH,ZR,ZH_ZR,0.457028121
D05,ZH,ZR,ZH_ZR,0.40088673
D05,ZH,ZR,ZH_ZR,0.417074751
D05,ZR,NF,ZR_NF,0.411309954
D05,ZR,NF,ZR_NF,0.337702892
D05,ZR,NF,ZR_NF,0.384721567
D05,ZR,OF,ZR_OF,0.218348011
D05,ZR,OF,ZR_OF,0.265685905
D05,ZR,OF,ZR_OF,0.16033182
D05,ZR,ZF,ZR_ZF,0.224669449
D05,ZR,ZF,ZR_ZF,0.169197804
D05,ZR,ZF,ZR_ZF,0.1458963
D05,ZR,ZH,ZR_ZH,0.408560402
D05,ZR,ZH,ZR_ZH,0.374355429
D05,ZR,ZH,ZR_ZH,0.457028121
D05,ZR,ZR,ZR_ZR,0.125650873
D05,ZR,ZR,ZR_ZR,0.08787187
D05,ZR,NF,ZR_NF,0.433836477
D05,ZR,NF,ZR_NF,0.38682344
D05,ZR,NF,ZR_NF,0.424292659
D05,ZR,OF,ZR_OF,0.256891473
D05,ZR,OF,ZR_OF,0.304540316
D05,ZR,OF,ZR_OF,0.251884886
D05,ZR,ZF,ZR_ZF,0.154268627
D05,ZR,ZF,ZR_ZF,0.183750412
D05,ZR,ZF,ZR_ZF,0.077460367
D05,ZR,ZH,ZR_ZH,0.34677642
D05,ZR,ZH,ZR_ZH,0.303016001
D05,ZR,ZH,ZR_ZH,0.40088673
D05,ZR,ZR,ZR_ZR,0.125650873
D05,ZR,ZR,ZR_ZR,0.146795114
D05,ZR,NF,ZR_NF,0.446687447
D05,ZR,NF,ZR_NF,0.382434614
D05,ZR,NF,ZR_NF,0.429080286
D05,ZR,OF,ZR_OF,0.205775464
D05,ZR,OF,ZR_OF,0.261661559
D05,ZR,OF,ZR_OF,0.184395207
D05,ZR,ZF,ZR_ZF,0.251687973
D05,ZR,ZF,ZR_ZF,0.20822391
D05,ZR,ZF,ZR_ZF,0.14135016
D05,ZR,ZH,ZR_ZH,0.395471298
D05,ZR,ZH,ZR_ZH,0.385964406
D05,ZR,ZH,ZR_ZH,0.417074751
D05,ZR,ZR,ZR_ZR,0.08787187
D05,ZR,ZR,ZR_ZR,0.146795114
D06,NF,NF,NF_NF,0.283703724
D06,NF,NF,NF_NF,0.291038001
D06,NF,OF,NF_OF,0.607563188
D06,NF,OF,NF_OF,0.534261576
D06,NF,OF,NF_OF,0.454816458
D06,NF,OR,NF_OR,0.584580483
D06,NF,OR,NF_OR,0.612026865
D06,NF,OR,NF_OR,0.602076551
D06,NF,ZF,NF_ZF,0.35970592
D06,NF,ZF,NF_ZF,0.342285968
D06,NF,ZF,NF_ZF,0.394537125
D06,NF,ZH,NF_ZH,0.773909914
D06,NF,ZH,NF_ZH,0.764941286
D06,NF,ZH,NF_ZH,0.741647598
D06,NF,ZR,NF_ZR,0.582153973
D06,NF,ZR,NF_ZR,0.536011744
D06,NF,ZR,NF_ZR,0.570910237
D06,NF,NF,NF_NF,0.283703724
D06,NF,NF,NF_NF,0.120198885
D06,NF,OF,NF_OF,0.470298874
D06,NF,OF,NF_OF,0.452969878
D06,NF,OF,NF_OF,0.364008482
D06,NF,OR,NF_OR,0.476807775
D06,NF,OR,NF_OR,0.503040602
D06,NF,OR,NF_OR,0.481959857
D06,NF,ZF,NF_ZF,0.230769959
D06,NF,ZF,NF_ZF,0.197876284
D06,NF,ZF,NF_ZF,0.258830146
D06,NF,ZH,NF_ZH,0.716203301
D06,NF,ZH,NF_ZH,0.70100061
D06,NF,ZH,NF_ZH,0.675022237
D06,NF,ZR,NF_ZR,0.464332769
D06,NF,ZR,NF_ZR,0.392620222
D06,NF,ZR,NF_ZR,0.470055579
D06,NF,NF,NF_NF,0.291038001
D06,NF,NF,NF_NF,0.120198885
D06,NF,OF,NF_OF,0.439594858
D06,NF,OF,NF_OF,0.400852062
D06,NF,OF,NF_OF,0.296548022
D06,NF,OR,NF_OR,0.423519435
D06,NF,OR,NF_OR,0.448397578
D06,NF,OR,NF_OR,0.421186439
D06,NF,ZF,NF_ZF,0.237274497
D06,NF,ZF,NF_ZF,0.20972511
D06,NF,ZF,NF_ZF,0.283712654
D06,NF,ZH,NF_ZH,0.647111567
D06,NF,ZH,NF_ZH,0.63350299
D06,NF,ZH,NF_ZH,0.612037694
D06,NF,ZR,NF_ZR,0.418519579
D06,NF,ZR,NF_ZR,0.368396961
D06,NF,ZR,NF_ZR,0.409265313
D06,OF,NF,OF_NF,0.607563188
D06,OF,NF,OF_NF,0.470298874
D06,OF,NF,OF_NF,0.439594858
D06,OF,OF,OF_OF,0.410009151
D06,OF,OF,OF_OF,0.400575106
D06,OF,OR,OF_OR,0.447685058
D06,OF,OR,OF_OR,0.422509297
D06,OF,OR,OF_OR,0.450443001
D06,OF,ZF,OF_ZF,0.409925193
D06,OF,ZF,OF_ZF,0.423717445
D06,OF,ZF,OF_ZF,0.41370018
D06,OF,ZH,OF_ZH,0.557155438
D06,OF,ZH,OF_ZH,0.537422755
D06,OF,ZH,OF_ZH,0.513755407
D06,OF,ZR,OF_ZR,0.430262565
D06,OF,ZR,OF_ZR,0.394337145
D06,OF,ZR,OF_ZR,0.405498545
D06,OF,NF,OF_NF,0.534261576
D06,OF,NF,OF_NF,0.452969878
D06,OF,NF,OF_NF,0.400852062
D06,OF,OF,OF_OF,0.410009151
D06,OF,OF,OF_OF,0.149770925
D06,OF,OR,OF_OR,0.310753294
D06,OF,OR,OF_OR,0.316370656
D06,OF,OR,OF_OR,0.359044394
D06,OF,ZF,OF_ZF,0.307901638
D06,OF,ZF,OF_ZF,0.380161069
D06,OF,ZF,OF_ZF,0.333991006
D06,OF,ZH,OF_ZH,0.276369505
D06,OF,ZH,OF_ZH,0.267230004
D06,OF,ZH,OF_ZH,0.2432921
D06,OF,ZR,OF_ZR,0.128847828
D06,OF,ZR,OF_ZR,0.242886803
D06,OF,ZR,OF_ZR,0.180769081
D06,OF,NF,OF_NF,0.454816458
D06,OF,NF,OF_NF,0.364008482
D06,OF,NF,OF_NF,0.296548022
D06,OF,OF,OF_OF,0.400575106
D06,OF,OF,OF_OF,0.149770925
D06,OF,OR,OF_OR,0.221478647
D06,OF,OR,OF_OR,0.243826703
D06,OF,OR,OF_OR,0.269993488
D06,OF,ZF,OF_ZF,0.223918212
D06,OF,ZF,OF_ZF,0.2939774
D06,OF,ZF,OF_ZF,0.263351067
D06,OF,ZH,OF_ZH,0.376898309
D06,OF,ZH,OF_ZH,0.358260991
D06,OF,ZH,OF_ZH,0.343600339
D06,OF,ZR,OF_ZR,0.191759679
D06,OF,ZR,OF_ZR,0.189492942
D06,OF,ZR,OF_ZR,0.151663508
D06,OR,NF,OR_NF,0.584580483
D06,OR,NF,OR_NF,0.476807775
D06,OR,NF,OR_NF,0.423519435
D06,OR,OF,OR_OF,0.447685058
D06,OR,OF,OR_OF,0.310753294
D06,OR,OF,OR_OF,0.221478647
D06,OR,OR,OR_OR,0.085472942
D06,OR,OR,OR_OR,0.096657795
D06,OR,ZF,OR_ZF,0.359278642
D06,OR,ZF,OR_ZF,0.430099651
D06,OR,ZF,OR_ZF,0.420121189
D06,OR,ZH,OR_ZH,0.39483121
D06,OR,ZH,OR_ZH,0.374406316
D06,OR,ZH,OR_ZH,0.362620253
D06,OR,ZR,OR_ZR,0.218457156
D06,OR,ZR,OR_ZR,0.209883045
D06,OR,ZR,OR_ZR,0.155293506
D06,OR,NF,OR_NF,0.612026865
D06,OR,NF,OR_NF,0.503040602
D06,OR,NF,OR_NF,0.448397578
D06,OR,OF,OR_OF,0.422509297
D06,OR,OF,OR_OF,0.316370656
D06,OR,OF,OR_OF,0.243826703
D06,OR,OR,OR_OR,0.085472942
D06,OR,OR,OR_OR,0.09157538
D06,OR,ZF,OR_ZF,0.389873169
D06,OR,ZF,OR_ZF,0.459430782
D06,OR,ZF,OR_ZF,0.43011135
D06,OR,ZH,OR_ZH,0.406574069
D06,OR,ZH,OR_ZH,0.37551759
D06,OR,ZH,OR_ZH,0.366293158
D06,OR,ZR,OR_ZR,0.252142585
D06,OR,ZR,OR_ZR,0.251424659
D06,OR,ZR,OR_ZR,0.180439782
D06,OR,NF,OR_NF,0.602076551
D06,OR,NF,OR_NF,0.481959857
D06,OR,NF,OR_NF,0.421186439
D06,OR,OF,OR_OF,0.450443001
D06,OR,OF,OR_OF,0.359044394
D06,OR,OF,OR_OF,0.269993488
D06,OR,OR,OR_OR,0.096657795
D06,OR,OR,OR_OR,0.09157538
D06,OR,ZF,OR_ZF,0.365737964
D06,OR,ZF,OR_ZF,0.429484281
D06,OR,ZF,OR_ZF,0.417084428
D06,OR,ZH,OR_ZH,0.447770296
D06,OR,ZH,OR_ZH,0.421870624
D06,OR,ZH,OR_ZH,0.417177743
D06,OR,ZR,OR_ZR,0.267144795
D06,OR,ZR,OR_ZR,0.260703322
D06,OR,ZR,OR_ZR,0.206542594
D06,ZF,NF,ZF_NF,0.35970592
D06,ZF,NF,ZF_NF,0.230769959
D06,ZF,NF,ZF_NF,0.237274497
D06,ZF,OF,ZF_OF,0.409925193
D06,ZF,OF,ZF_OF,0.307901638
D06,ZF,OF,ZF_OF,0.223918212
D06,ZF,OR,ZF_OR,0.359278642
D06,ZF,OR,ZF_OR,0.389873169
D06,ZF,OR,ZF_OR,0.365737964
D06,ZF,ZF,ZF_ZF,0.07906511
D06,ZF,ZF,ZF_ZF,0.123942898
D06,ZF,ZH,ZF_ZH,0.56874703
D06,ZF,ZH,ZF_ZH,0.560954136
D06,ZF,ZH,ZF_ZH,0.536851113
D06,ZF,ZR,ZF_ZR,0.312370221
D06,ZF,ZR,ZF_ZR,0.209175321
D06,ZF,ZR,ZF_ZR,0.322509257
D06,ZF,NF,ZF_NF,0.342285968
D06,ZF,NF,ZF_NF,0.197876284
D06,ZF,NF,ZF_NF,0.20972511
D06,ZF,OF,ZF_OF,0.423717445
D06,ZF,OF,ZF_OF,0.380161069
D06,ZF,OF,ZF_OF,0.2939774
D06,ZF,OR,ZF_OR,0.430099651
D06,ZF,OR,ZF_OR,0.459430782
D06,ZF,OR,ZF_OR,0.429484281
D06,ZF,ZF,ZF_ZF,0.07906511
D06,ZF,ZF,ZF_ZF,0.175353966
D06,ZF,ZH,ZF_ZH,0.642570076
D06,ZF,ZH,ZF_ZH,0.633526001
D06,ZF,ZH,ZF_ZH,0.609373588
D06,ZF,ZR,ZF_ZR,0.385033409
D06,ZF,ZR,ZF_ZR,0.274126842
D06,ZF,ZR,ZF_ZR,0.395910017
D06,ZF,NF,ZF_NF,0.394537125
D06,ZF,NF,ZF_NF,0.258830146
D06,ZF,NF,ZF_NF,0.283712654
D06,ZF,OF,ZF_OF,0.41370018
D06,ZF,OF,ZF_OF,0.333991006
D06,ZF,OF,ZF_OF,0.263351067
D06,ZF,OR,ZF_OR,0.420121189
D06,ZF,OR,ZF_OR,0.43011135
D06,ZF,OR,ZF_OR,0.417084428
D06,ZF,ZF,ZF_ZF,0.123942898
D06,ZF,ZF,ZF_ZF,0.175353966
D06,ZF,ZH,ZF_ZH,0.589297215
D06,ZF,ZH,ZF_ZH,0.580830327
D06,ZF,ZH,ZF_ZH,0.557608558
D06,ZF,ZR,ZF_ZR,0.377782376
D06,ZF,ZR,ZF_ZR,0.306560854
D06,ZF,ZR,ZF_ZR,0.368637307
D06,ZH,NF,ZH_NF,0.773909914
D06,ZH,NF,ZH_NF,0.716203301
D06,ZH,NF,ZH_NF,0.647111567
D06,ZH,OF,ZH_OF,0.557155438
D06,ZH,OF,ZH_OF,0.276369505
D06,ZH,OF,ZH_OF,0.376898309
D06,ZH,OR,ZH_OR,0.39483121
D06,ZH,OR,ZH_OR,0.406574069
D06,ZH,OR,ZH_OR,0.447770296
D06,ZH,ZF,ZH_ZF,0.56874703
D06,ZH,ZF,ZH_ZF,0.642570076
D06,ZH,ZF,ZH_ZF,0.589297215
D06,ZH,ZH,ZH_ZH,0.039296586
D06,ZH,ZH,ZH_ZH,0.049857155
D06,ZH,ZR,ZH_ZR,0.265582271
D06,ZH,ZR,ZH_ZR,0.414831694
D06,ZH,ZR,ZH_ZR,0.330235195
D06,ZH,NF,ZH_NF,0.764941286
D06,ZH,NF,ZH_NF,0.70100061
D06,ZH,NF,ZH_NF,0.63350299
D06,ZH,OF,ZH_OF,0.537422755
D06,ZH,OF,ZH_OF,0.267230004
D06,ZH,OF,ZH_OF,0.358260991
D06,ZH,OR,ZH_OR,0.374406316
D06,ZH,OR,ZH_OR,0.37551759
D06,ZH,OR,ZH_OR,0.421870624
D06,ZH,ZF,ZH_ZF,0.560954136
D06,ZH,ZF,ZH_ZF,0.633526001
D06,ZH,ZF,ZH_ZF,0.580830327
D06,ZH,ZH,ZH_ZH,0.039296586
D06,ZH,ZH,ZH_ZH,0.03722978
D06,ZH,ZR,ZH_ZR,0.260082678
D06,ZH,ZR,ZH_ZR,0.40765079
D06,ZH,ZR,ZH_ZR,0.312999499
D06,ZH,NF,ZH_NF,0.741647598
D06,ZH,NF,ZH_NF,0.675022237
D06,ZH,NF,ZH_NF,0.612037694
D06,ZH,OF,ZH_OF,0.513755407
D06,ZH,OF,ZH_OF,0.2432921
D06,ZH,OF,ZH_OF,0.343600339
D06,ZH,OR,ZH_OR,0.362620253
D06,ZH,OR,ZH_OR,0.366293158
D06,ZH,OR,ZH_OR,0.417177743
D06,ZH,ZF,ZH_ZF,0.536851113
D06,ZH,ZF,ZH_ZF,0.609373588
D06,ZH,ZF,ZH_ZF,0.557608558
D06,ZH,ZH,ZH_ZH,0.049857155
D06,ZH,ZH,ZH_ZH,0.03722978
D06,ZH,ZR,ZH_ZR,0.235319376
D06,ZH,ZR,ZH_ZR,0.383262898
D06,ZH,ZR,ZH_ZR,0.297822131
D06,ZR,NF,ZR_NF,0.582153973
D06,ZR,NF,ZR_NF,0.464332769
D06,ZR,NF,ZR_NF,0.418519579
D06,ZR,OF,ZR_OF,0.430262565
D06,ZR,OF,ZR_OF,0.128847828
D06,ZR,OF,ZR_OF,0.191759679
D06,ZR,OR,ZR_OR,0.218457156
D06,ZR,OR,ZR_OR,0.252142585
D06,ZR,OR,ZR_OR,0.267144795
D06,ZR,ZF,ZR_ZF,0.312370221
D06,ZR,ZF,ZR_ZF,0.385033409
D06,ZR,ZF,ZR_ZF,0.377782376
D06,ZR,ZH,ZR_ZH,0.265582271
D06,ZR,ZH,ZR_ZH,0.260082678
D06,ZR,ZH,ZR_ZH,0.235319376
D06,ZR,ZR,ZR_ZR,0.151769687
D06,ZR,ZR,ZR_ZR,0.122746998
D06,ZR,NF,ZR_NF,0.536011744
D06,ZR,NF,ZR_NF,0.392620222
D06,ZR,NF,ZR_NF,0.368396961
D06,ZR,OF,ZR_OF,0.394337145
D06,ZR,OF,ZR_OF,0.242886803
D06,ZR,OF,ZR_OF,0.189492942
D06,ZR,OR,ZR_OR,0.209883045
D06,ZR,OR,ZR_OR,0.251424659
D06,ZR,OR,ZR_OR,0.260703322
D06,ZR,ZF,ZR_ZF,0.209175321
D06,ZR,ZF,ZR_ZF,0.274126842
D06,ZR,ZF,ZR_ZF,0.306560854
D06,ZR,ZH,ZR_ZH,0.414831694
D06,ZR,ZH,ZR_ZH,0.40765079
D06,ZR,ZH,ZR_ZH,0.383262898
D06,ZR,ZR,ZR_ZR,0.151769687
D06,ZR,ZR,ZR_ZR,0.177818626
D06,ZR,NF,ZR_NF,0.570910237
D06,ZR,NF,ZR_NF,0.470055579
D06,ZR,NF,ZR_NF,0.409265313
D06,ZR,OF,ZR_OF,0.405498545
D06,ZR,OF,ZR_OF,0.180769081
D06,ZR,OF,ZR_OF,0.151663508
D06,ZR,OR,ZR_OR,0.155293506
D06,ZR,OR,ZR_OR,0.180439782
D06,ZR,OR,ZR_OR,0.206542594
D06,ZR,ZF,ZR_ZF,0.322509257
D06,ZR,ZF,ZR_ZF,0.395910017
D06,ZR,ZF,ZR_ZF,0.368637307
D06,ZR,ZH,ZR_ZH,0.330235195
D06,ZR,ZH,ZR_ZH,0.312999499
D06,ZR,ZH,ZR_ZH,0.297822131
D06,ZR,ZR,ZR_ZR,0.122746998
D06,ZR,ZR,ZR_ZR,0.177818626
D07,NF,NF,NF_NF,0.1013435
D07,NF,NF,NF_NF,0.103701919
D07,NF,OF,NF_OF,0.400448418
D07,NF,OF,NF_OF,0.3198051
D07,NF,OF,NF_OF,0.315259578
D07,NF,OR,NF_OR,0.366560417
D07,NF,OR,NF_OR,0.290345191
D07,NF,OR,NF_OR,0.358608277
D07,NF,ZF,NF_ZF,0.330929356
D07,NF,ZF,NF_ZF,0.463488685
D07,NF,ZF,NF_ZF,0.372827348
D07,NF,ZH,NF_ZH,0.46950333
D07,NF,ZH,NF_ZH,0.384317237
D07,NF,ZH,NF_ZH,0.405988152
D07,NF,ZR,NF_ZR,0.647984793
D07,NF,ZR,NF_ZR,0.475810689
D07,NF,ZR,NF_ZR,0.590838473
D07,NF,NF,NF_NF,0.1013435
D07,NF,NF,NF_NF,0.09658467
D07,NF,OF,NF_OF,0.449343197
D07,NF,OF,NF_OF,0.357117844
D07,NF,OF,NF_OF,0.333014392
D07,NF,OR,NF_OR,0.358185891
D07,NF,OR,NF_OR,0.294164206
D07,NF,OR,NF_OR,0.344563851
D07,NF,ZF,NF_ZF,0.362696146
D07,NF,ZF,NF_ZF,0.500792124
D07,NF,ZF,NF_ZF,0.411247968
D07,NF,ZH,NF_ZH,0.521537198
D07,NF,ZH,NF_ZH,0.435233872
D07,NF,ZH,NF_ZH,0.451006809
D07,NF,ZR,NF_ZR,0.668295139
D07,NF,ZR,NF_ZR,0.507415815
D07,NF,ZR,NF_ZR,0.620476795
D07,NF,NF,NF_NF,0.103701919
D07,NF,NF,NF_NF,0.09658467
D07,NF,OF,NF_OF,0.424192985
D07,NF,OF,NF_OF,0.363915344
D07,NF,OF,NF_OF,0.340220242
D07,NF,OR,NF_OR,0.385296002
D07,NF,OR,NF_OR,0.331864707
D07,NF,OR,NF_OR,0.365407422
D07,NF,ZF,NF_ZF,0.384256608
D07,NF,ZF,NF_ZF,0.520892549
D07,NF,ZF,NF_ZF,0.427963634
D07,NF,ZH,NF_ZH,0.488227024
D07,NF,ZH,NF_ZH,0.404551677
D07,NF,ZH,NF_ZH,0.411829519
D07,NF,ZR,NF_ZR,0.679619954
D07,NF,ZR,NF_ZR,0.522360301
D07,NF,ZR,NF_ZR,0.639247993
D07,OF,NF,OF_NF,0.400448418
D07,OF,NF,OF_NF,0.449343197
D07,OF,NF,OF_NF,0.424192985
D07,OF,OF,OF_OF,0.186566908
D07,OF,OF,OF_OF,0.12830094
D07,OF,OR,OF_OR,0.536620174
D07,OF,OR,OF_OR,0.49637944
D07,OF,OR,OF_OR,0.527061505
D07,OF,ZF,OF_ZF,0.180552412
D07,OF,ZF,OF_ZF,0.196787427
D07,OF,ZF,OF_ZF,0.264986915
D07,OF,ZH,OF_ZH,0.14880211
D07,OF,ZH,OF_ZH,0.163513705
D07,OF,ZH,OF_ZH,0.235744463
D07,OF,ZR,OF_ZR,0.283331524
D07,OF,ZR,OF_ZR,0.180568796
D07,OF,ZR,OF_ZR,0.253466704
D07,OF,NF,OF_NF,0.3198051
D07,OF,NF,OF_NF,0.357117844
D07,OF,NF,OF_NF,0.363915344
D07,OF,OF,OF_OF,0.186566908
D07,OF,OF,OF_OF,0.150547817
D07,OF,OR,OF_OR,0.46584496
D07,OF,OR,OF_OR,0.398010602
D07,OF,OR,OF_OR,0.472722524
D07,OF,ZF,OF_ZF,0.110735084
D07,OF,ZF,OF_ZF,0.228241382
D07,OF,ZF,OF_ZF,0.163201862
D07,OF,ZH,OF_ZH,0.293291439
D07,OF,ZH,OF_ZH,0.246144063
D07,OF,ZH,OF_ZH,0.280411177
D07,OF,ZR,OF_ZR,0.392413005
D07,OF,ZR,OF_ZR,0.229493165
D07,OF,ZR,OF_ZR,0.330777505
D07,OF,NF,OF_NF,0.315259578
D07,OF,NF,OF_NF,0.333014392
D07,OF,NF,OF_NF,0.340220242
D07,OF,OF,OF_OF,0.12830094
D07,OF,OF,OF_OF,0.150547817
D07,OF,OR,OF_OR,0.435639052
D07,OF,OR,OF_OR,0.391659009
D07,OF,OR,OF_OR,0.419227879
D07,OF,ZF,OF_ZF,0.15342832
D07,OF,ZF,OF_ZF,0.262690542
D07,OF,ZF,OF_ZF,0.240807877
D07,OF,ZH,OF_ZH,0.212275279
D07,OF,ZH,OF_ZH,0.135924463
D07,OF,ZH,OF_ZH,0.186449667
D07,OF,ZR,OF_ZR,0.361990532
D07,OF,ZR,OF_ZR,0.24257388
D07,OF,ZR,OF_ZR,0.332327209
D07,OR,NF,OR_NF,0.366560417
D07,OR,NF,OR_NF,0.358185891
D07,OR,NF,OR_NF,0.385296002
D07,OR,OF,OR_OF,0.536620174
D07,OR,OF,OR_OF,0.46584496
D07,OR,OF,OR_OF,0.435639052
D07,OR,OR,OR_OR,0.172291259
D07,OR,OR,OR_OR,0.235633496
D07,OR,ZF,OR_ZF,0.506253812
D07,OR,ZF,OR_ZF,0.606096643
D07,OR,ZF,OR_ZF,0.523569732
D07,OR,ZH,OR_ZH,0.549570334
D07,OR,ZH,OR_ZH,0.474451856
D07,OR,ZH,OR_ZH,0.491237871
D07,OR,ZR,OR_ZR,0.655078782
D07,OR,ZR,OR_ZR,0.557311364
D07,OR,ZR,OR_ZR,0.633541461
D07,OR,NF,OR_NF,0.290345191
D07,OR,NF,OR_NF,0.294164206
D07,OR,NF,OR_NF,0.331864707
D07,OR,OF,OR_OF,0.49637944
D07,OR,OF,OR_OF,0.398010602
D07,OR,OF,OR_OF,0.391659009
D07,OR,OR,OR_OR,0.172291259
D07,OR,OR,OR_OR,0.238165925
D07,OR,ZF,OR_ZF,0.437557556
D07,OR,ZF,OR_ZF,0.543525704
D07,OR,ZF,OR_ZF,0.457170626
D07,OR,ZH,OR_ZH,0.516982333
D07,OR,ZH,OR_ZH,0.439506196
D07,OR,ZH,OR_ZH,0.456087989
D07,OR,ZR,OR_ZR,0.645387659
D07,OR,ZR,OR_ZR,0.504887709
D07,OR,ZR,OR_ZR,0.593248239
D07,OR,NF,OR_NF,0.358608277
D07,OR,NF,OR_NF,0.344563851
D07,OR,NF,OR_NF,0.365407422
D07,OR,OF,OR_OF,0.527061505
D07,OR,OF,OR_OF,0.472722524
D07,OR,OF,OR_OF,0.419227879
D07,OR,OR,OR_OR,0.235633496
D07,OR,OR,OR_OR,0.238165925
D07,OR,ZF,OR_ZF,0.509040018
D07,OR,ZF,OR_ZF,0.609863731
D07,OR,ZF,OR_ZF,0.528793307
D07,OR,ZH,OR_ZH,0.537767048
D07,OR,ZH,OR_ZH,0.473210196
D07,OR,ZH,OR_ZH,0.484689798
D07,OR,ZR,OR_ZR,0.662286988
D07,OR,ZR,OR_ZR,0.55961297
D07,OR,ZR,OR_ZR,0.646199656
D07,ZF,NF,ZF_NF,0.330929356
D07,ZF,NF,ZF_NF,0.362696146
D07,ZF,NF,ZF_NF,0.384256608
D07,ZF,OF,ZF_OF,0.180552412
D07,ZF,OF,ZF_OF,0.110735084
D07,ZF,OF,ZF_OF,0.15342832
D07,ZF,OR,ZF_OR,0.506253812
D07,ZF,OR,ZF_OR,0.437557556
D07,ZF,OR,ZF_OR,0.509040018
D07,ZF,ZF,ZF_ZF,0.146986155
D07,ZF,ZF,ZF_ZF,0.108220584
D07,ZF,ZH,ZF_ZH,0.273158737
D07,ZF,ZH,ZF_ZH,0.225892867
D07,ZF,ZH,ZF_ZH,0.29893359
D07,ZF,ZR,ZF_ZR,0.358755031
D07,ZF,ZR,ZF_ZR,0.168281784
D07,ZF,ZR,ZF_ZR,0.276301179
D07,ZF,NF,ZF_NF,0.463488685
D07,ZF,NF,ZF_NF,0.500792124
D07,ZF,NF,ZF_NF,0.520892549
D07,ZF,OF,ZF_OF,0.196787427
D07,ZF,OF,ZF_OF,0.228241382
D07,ZF,OF,ZF_OF,0.262690542
D07,ZF,OR,ZF_OR,0.606096643
D07,ZF,OR,ZF_OR,0.543525704
D07,ZF,OR,ZF_OR,0.609863731
D07,ZF,ZF,ZF_ZF,0.146986155
D07,ZF,ZF,ZF_ZF,0.159895326
D07,ZF,ZH,ZF_ZH,0.295931073
D07,ZF,ZH,ZF_ZH,0.307642147
D07,ZF,ZH,ZF_ZH,0.396842011
D07,ZF,ZR,ZF_ZR,0.308979657
D07,ZF,ZR,ZF_ZR,0.112873837
D07,ZF,ZR,ZF_ZR,0.182077771
D07,ZF,NF,ZF_NF,0.372827348
D07,ZF,NF,ZF_NF,0.411247968
D07,ZF,NF,ZF_NF,0.427963634
D07,ZF,OF,ZF_OF,0.264986915
D07,ZF,OF,ZF_OF,0.163201862
D07,ZF,OF,ZF_OF,0.240807877
D07,ZF,OR,ZF_OR,0.523569732
D07,ZF,OR,ZF_OR,0.457170626
D07,ZF,OR,ZF_OR,0.528793307
D07,ZF,ZF,ZF_ZF,0.108220584
D07,ZF,ZF,ZF_ZF,0.159895326
D07,ZF,ZH,ZF_ZH,0.343441123
D07,ZF,ZH,ZF_ZH,0.298901886
D07,ZF,ZH,ZF_ZH,0.334473461
D07,ZF,ZR,ZF_ZR,0.408825264
D07,ZF,ZR,ZF_ZR,0.195592091
D07,ZF,ZR,ZF_ZR,0.309097182
D07,ZH,NF,ZH_NF,0.46950333
D07,ZH,NF,ZH_NF,0.521537198
D07,ZH,NF,ZH_NF,0.488227024
D07,ZH,OF,ZH_OF,0.14880211
D07,ZH,OF,ZH_OF,0.293291439
D07,ZH,OF,ZH_OF,0.212275279
D07,ZH,OR,ZH_OR,0.549570334
D07,ZH,OR,ZH_OR,0.516982333
D07,ZH,OR,ZH_OR,0.537767048
D07,ZH,ZF,ZH_ZF,0.273158737
D07,ZH,ZF,ZH_ZF,0.295931073
D07,ZH,ZF,ZH_ZF,0.343441123
D07,ZH,ZH,ZH_ZH,0.101241956
D07,ZH,ZH,ZH_ZH,0.135203249
D07,ZH,ZR,ZH_ZR,0.308646937
D07,ZH,ZR,ZH_ZR,0.239272735
D07,ZH,ZR,ZH_ZR,0.298978713
D07,ZH,NF,ZH_NF,0.384317237
D07,ZH,NF,ZH_NF,0.435233872
D07,ZH,NF,ZH_NF,0.404551677
D07,ZH,OF,ZH_OF,0.163513705
D07,ZH,OF,ZH_OF,0.246144063
D07,ZH,OF,ZH_OF,0.135924463
D07,ZH,OR,ZH_OR,0.474451856
D07,ZH,OR,ZH_OR,0.439506196
D07,ZH,OR,ZH_OR,0.473210196
D07,ZH,ZF,ZH_ZF,0.225892867
D07,ZH,ZF,ZH_ZF,0.307642147
D07,ZH,ZF,ZH_ZF,0.298901886
D07,ZH,ZH,ZH_ZH,0.101241956
D07,ZH,ZH,ZH_ZH,0.113203736
D07,ZH,ZR,ZH_ZR,0.346965398
D07,ZH,ZR,ZH_ZR,0.257101118
D07,ZH,ZR,ZH_ZR,0.324987046
D07,ZH,NF,ZH_NF,0.405988152
D07,ZH,NF,ZH_NF,0.451006809
D07,ZH,NF,ZH_NF,0.411829519
D07,ZH,OF,ZH_OF,0.235744463
D07,ZH,OF,ZH_OF,0.280411177
D07,ZH,OF,ZH_OF,0.186449667
D07,ZH,OR,ZH_OR,0.491237871
D07,ZH,OR,ZH_OR,0.456087989
D07,ZH,OR,ZH_OR,0.484689798
D07,ZH,ZF,ZH_ZF,0.29893359
D07,ZH,ZF,ZH_ZF,0.396842011
D07,ZH,ZF,ZH_ZF,0.334473461
D07,ZH,ZH,ZH_ZH,0.135203249
D07,ZH,ZH,ZH_ZH,0.113203736
D07,ZH,ZR,ZH_ZR,0.423269767
D07,ZH,ZR,ZH_ZR,0.339895129
D07,ZH,ZR,ZH_ZR,0.402641223
D07,ZR,NF,ZR_NF,0.647984793
D07,ZR,NF,ZR_NF,0.668295139
D07,ZR,NF,ZR_NF,0.679619954
D07,ZR,OF,ZR_OF,0.283331524
D07,ZR,OF,ZR_OF,0.392413005
D07,ZR,OF,ZR_OF,0.361990532
D07,ZR,OR,ZR_OR,0.655078782
D07,ZR,OR,ZR_OR,0.645387659
D07,ZR,OR,ZR_OR,0.662286988
D07,ZR,ZF,ZR_ZF,0.358755031
D07,ZR,ZF,ZR_ZF,0.308979657
D07,ZR,ZF,ZR_ZF,0.408825264
D07,ZR,ZH,ZR_ZH,0.308646937
D07,ZR,ZH,ZR_ZH,0.346965398
D07,ZR,ZH,ZR_ZH,0.423269767
D07,ZR,ZR,ZR_ZR,0.218613621
D07,ZR,ZR,ZR_ZR,0.142298514
D07,ZR,NF,ZR_NF,0.475810689
D07,ZR,NF,ZR_NF,0.507415815
D07,ZR,NF,ZR_NF,0.522360301
D07,ZR,OF,ZR_OF,0.180568796
D07,ZR,OF,ZR_OF,0.229493165
D07,ZR,OF,ZR_OF,0.24257388
D07,ZR,OR,ZR_OR,0.557311364
D07,ZR,OR,ZR_OR,0.504887709
D07,ZR,OR,ZR_OR,0.55961297
D07,ZR,ZF,ZR_ZF,0.168281784
D07,ZR,ZF,ZR_ZF,0.112873837
D07,ZR,ZF,ZR_ZF,0.195592091
D07,ZR,ZH,ZR_ZH,0.239272735
D07,ZR,ZH,ZR_ZH,0.257101118
D07,ZR,ZH,ZR_ZH,0.339895129
D07,ZR,ZR,ZR_ZR,0.218613621
D07,ZR,ZR,ZR_ZR,0.125656736
D07,ZR,NF,ZR_NF,0.590838473
D07,ZR,NF,ZR_NF,0.620476795
D07,ZR,NF,ZR_NF,0.639247993
D07,ZR,OF,ZR_OF,0.253466704
D07,ZR,OF,ZR_OF,0.330777505
D07,ZR,OF,ZR_OF,0.332327209
D07,ZR,OR,ZR_OR,0.633541461
D07,ZR,OR,ZR_OR,0.593248239
D07,ZR,OR,ZR_OR,0.646199656
D07,ZR,ZF,ZR_ZF,0.276301179
D07,ZR,ZF,ZR_ZF,0.182077771
D07,ZR,ZF,ZR_ZF,0.309097182
D07,ZR,ZH,ZR_ZH,0.298978713
D07,ZR,ZH,ZR_ZH,0.324987046
D07,ZR,ZH,ZR_ZH,0.402641223
D07,ZR,ZR,ZR_ZR,0.142298514
D07,ZR,ZR,ZR_ZR,0.125656736
D08,NF,NF,NF_NF,0.490261973
D08,NF,NF,NF_NF,0.068466896
D08,NF,OF,NF_OF,0.395732777
D08,NF,OF,NF_OF,0.615046743
D08,NF,OF,NF_OF,0.390595944
D08,NF,OR,NF_OR,0.607314273
D08,NF,OR,NF_OR,0.586325927
D08,NF,OR,NF_OR,0.620677025
D08,NF,ZF,NF_ZF,0.669980397
D08,NF,ZF,NF_ZF,0.664181661
D08,NF,ZF,NF_ZF,0.671765133
D08,NF,ZH,NF_ZH,0.772909568
D08,NF,ZH,NF_ZH,0.767463489
D08,NF,ZH,NF_ZH,0.758511013
D08,NF,ZR,NF_ZR,0.641433308
D08,NF,ZR,NF_ZR,0.714029094
D08,NF,ZR,NF_ZR,0.530249209
D08,NF,NF,NF_NF,0.490261973
D08,NF,NF,NF_NF,0.488901206
D08,NF,OF,NF_OF,0.388944874
D08,NF,OF,NF_OF,0.41077644
D08,NF,OF,NF_OF,0.33018256
D08,NF,OR,NF_OR,0.468148727
D08,NF,OR,NF_OR,0.408304692
D08,NF,OR,NF_OR,0.510696247
D08,NF,ZF,NF_ZF,0.364548699
D08,NF,ZF,NF_ZF,0.309391734
D08,NF,ZF,NF_ZF,0.552975161
D08,NF,ZH,NF_ZH,0.655709591
D08,NF,ZH,NF_ZH,0.654222485
D08,NF,ZH,NF_ZH,0.639098775
D08,NF,ZR,NF_ZR,0.389578974
D08,NF,ZR,NF_ZR,0.533174895
D08,NF,ZR,NF_ZR,0.456174549
D08,NF,NF,NF_NF,0.068466896
D08,NF,NF,NF_NF,0.488901206
D08,NF,OF,NF_OF,0.369011688
D08,NF,OF,NF_OF,0.586846271
D08,NF,OF,NF_OF,0.366832504
D08,NF,OR,NF_OR,0.647885348
D08,NF,OR,NF_OR,0.622704215
D08,NF,OR,NF_OR,0.659716059
D08,NF,ZF,NF_ZF,0.648838283
D08,NF,ZF,NF_ZF,0.656960549
D08,NF,ZF,NF_ZF,0.668546492
D08,NF,ZH,NF_ZH,0.777109648
D08,NF,ZH,NF_ZH,0.77427807
D08,NF,ZH,NF_ZH,0.759022507
D08,NF,ZR,NF_ZR,0.640316623
D08,NF,ZR,NF_ZR,0.716514864
D08,NF,ZR,NF_ZR,0.532795867
D08,OF,NF,OF_NF,0.395732777
D08,OF,NF,OF_NF,0.388944874
D08,OF,NF,OF_NF,0.369011688
D08,OF,OF,OF_OF,0.238333586
D08,OF,OF,OF_OF,0.0632657
D08,OF,OR,OF_OR,0.50660739
D08,OF,OR,OF_OR,0.489230714
D08,OF,OR,OF_OR,0.512310592
D08,OF,ZF,OF_ZF,0.344298017
D08,OF,ZF,OF_ZF,0.372354119
D08,OF,ZF,OF_ZF,0.380409293
D08,OF,ZH,OF_ZH,0.484332305
D08,OF,ZH,OF_ZH,0.478493736
D08,OF,ZH,OF_ZH,0.462742569
D08,OF,ZR,OF_ZR,0.365798112
D08,OF,ZR,OF_ZR,0.432483709
D08,OF,ZR,OF_ZR,0.248378242
D08,OF,NF,OF_NF,0.615046743
D08,OF,NF,OF_NF,0.41077644
D08,OF,NF,OF_NF,0.586846271
D08,OF,OF,OF_OF,0.238333586
D08,OF,OF,OF_OF,0.249860172
D08,OF,OR,OF_OR,0.469570935
D08,OF,OR,OF_OR,0.457449766
D08,OF,OR,OF_OR,0.47499681
D08,OF,ZF,OF_ZF,0.200212854
D08,OF,ZF,OF_ZF,0.339770647
D08,OF,ZF,OF_ZF,0.197465998
D08,OF,ZH,OF_ZH,0.295694027
D08,OF,ZH,OF_ZH,0.289916827
D08,OF,ZH,OF_ZH,0.275121094
D08,OF,ZR,OF_ZR,0.288684919
D08,OF,ZR,OF_ZR,0.247408934
D08,OF,ZR,OF_ZR,0.186686212
D08,OF,NF,OF_NF,0.390595944
D08,OF,NF,OF_NF,0.33018256
D08,OF,NF,OF_NF,0.366832504
D08,OF,OF,OF_OF,0.0632657
D08,OF,OF,OF_OF,0.249860172
D08,OF,OR,OF_OR,0.502827315
D08,OF,OR,OF_OR,0.471520175
D08,OF,OR,OF_OR,0.515883699
D08,OF,ZF,OF_ZF,0.323572926
D08,OF,ZF,OF_ZF,0.337010976
D08,OF,ZF,OF_ZF,0.409025959
D08,OF,ZH,OF_ZH,0.520360275
D08,OF,ZH,OF_ZH,0.513995723
D08,OF,ZH,OF_ZH,0.497529799
D08,OF,ZR,OF_ZR,0.377977275
D08,OF,ZR,OF_ZR,0.456374372
D08,OF,ZR,OF_ZR,0.276532331
D08,OR,NF,OR_NF,0.607314273
D08,OR,NF,OR_NF,0.468148727
D08,OR,NF,OR_NF,0.647885348
D08,OR,OF,OR_OF,0.50660739
D08,OR,OF,OR_OF,0.469570935
D08,OR,OF,OR_OF,0.502827315
D08,OR,OR,OR_OR,0.190752481
D08,OR,OR,OR_OR,0.207247743
D08,OR,ZF,OR_ZF,0.557654603
D08,OR,ZF,OR_ZF,0.564291042
D08,OR,ZF,OR_ZF,0.440830042
D08,OR,ZH,OR_ZH,0.515666463
D08,OR,ZH,OR_ZH,0.493946071
D08,OR,ZH,OR_ZH,0.495949527
D08,OR,ZR,OR_ZR,0.468640246
D08,OR,ZR,OR_ZR,0.447047048
D08,OR,ZR,OR_ZR,0.502538787
D08,OR,NF,OR_NF,0.586325927
D08,OR,NF,OR_NF,0.408304692
D08,OR,NF,OR_NF,0.622704215
D08,OR,OF,OR_OF,0.489230714
D08,OR,OF,OR_OF,0.457449766
D08,OR,OF,OR_OF,0.471520175
D08,OR,OR,OR_OR,0.190752481
D08,OR,OR,OR_OR,0.142571541
D08,OR,ZF,OR_ZF,0.512377762
D08,OR,ZF,OR_ZF,0.509907148
D08,OR,ZF,OR_ZF,0.415233417
D08,OR,ZH,OR_ZH,0.50643528
D08,OR,ZH,OR_ZH,0.470404831
D08,OR,ZH,OR_ZH,0.476955194
D08,OR,ZR,OR_ZR,0.415698658
D08,OR,ZR,OR_ZR,0.43228108
D08,OR,ZR,OR_ZR,0.492932933
D08,OR,NF,OR_NF,0.620677025
D08,OR,NF,OR_NF,0.510696247
D08,OR,NF,OR_NF,0.659716059
D08,OR,OF,OR_OF,0.512310592
D08,OR,OF,OR_OF,0.47499681
D08,OR,OF,OR_OF,0.515883699
D08,OR,OR,OR_OR,0.207247743
D08,OR,OR,OR_OR,0.142571541
D08,OR,ZF,OR_ZF,0.582014307
D08,OR,ZF,OR_ZF,0.595401924
D08,OR,ZF,OR_ZF,0.453823555
D08,OR,ZH,OR_ZH,0.525245354
D08,OR,ZH,OR_ZH,0.492881633
D08,OR,ZH,OR_ZH,0.503440449
D08,OR,ZR,OR_ZR,0.497316918
D08,OR,ZR,OR_ZR,0.4837512
D08,OR,ZR,OR_ZR,0.511502032
D08,ZF,NF,ZF_NF,0.669980397
D08,ZF,NF,ZF_NF,0.364548699
D08,ZF,NF,ZF_NF,0.648838283
D08,ZF,OF,ZF_OF,0.344298017
D08,ZF,OF,ZF_OF,0.200212854
D08,ZF,OF,ZF_OF,0.323572926
D08,ZF,OR,ZF_OR,0.557654603
D08,ZF,OR,ZF_OR,0.512377762
D08,ZF,OR,ZF_OR,0.582014307
D08,ZF,ZF,ZF_ZF,0.149229312
D08,ZF,ZF,ZF_ZF,0.26897492
D08,ZF,ZH,ZF_ZH,0.373147944
D08,ZF,ZH,ZF_ZH,0.369839738
D08,ZF,ZH,ZF_ZH,0.347909143
D08,ZF,ZR,ZF_ZR,0.185326346
D08,ZF,ZR,ZF_ZR,0.253014585
D08,ZF,ZR,ZF_ZR,0.293861738
D08,ZF,NF,ZF_NF,0.664181661
D08,ZF,NF,ZF_NF,0.309391734
D08,ZF,NF,ZF_NF,0.656960549
D08,ZF,OF,ZF_OF,0.372354119
D08,ZF,OF,ZF_OF,0.339770647
D08,ZF,OF,ZF_OF,0.337010976
D08,ZF,OR,ZF_OR,0.564291042
D08,ZF,OR,ZF_OR,0.509907148
D08,ZF,OR,ZF_OR,0.595401924
D08,ZF,ZF,ZF_ZF,0.149229312
D08,ZF,ZF,ZF_ZF,0.413930672
D08,ZF,ZH,ZF_ZH,0.507036272
D08,ZF,ZH,ZF_ZH,0.504827535
D08,ZF,ZH,ZF_ZH,0.484215111
D08,ZF,ZR,ZF_ZR,0.213832597
D08,ZF,ZR,ZF_ZR,0.388463074
D08,ZF,ZR,ZF_ZR,0.439215258
D08,ZF,NF,ZF_NF,0.671765133
D08,ZF,NF,ZF_NF,0.552975161
D08,ZF,NF,ZF_NF,0.668546492
D08,ZF,OF,ZF_OF,0.380409293
D08,ZF,OF,ZF_OF,0.197465998
D08,ZF,OF,ZF_OF,0.409025959
D08,ZF,OR,ZF_OR,0.440830042
D08,ZF,OR,ZF_OR,0.415233417
D08,ZF,OR,ZF_OR,0.453823555
D08,ZF,ZF,ZF_ZF,0.26897492
D08,ZF,ZF,ZF_ZF,0.413930672
D08,ZF,ZH,ZF_ZH,0.201463234
D08,ZF,ZH,ZF_ZH,0.177279492
D08,ZF,ZH,ZF_ZH,0.14517225
D08,ZF,ZR,ZF_ZR,0.249363823
D08,ZF,ZR,ZF_ZR,0.143791077
D08,ZF,ZR,ZF_ZR,0.180198796
D08,ZH,NF,ZH_NF,0.772909568
D08,ZH,NF,ZH_NF,0.655709591
D08,ZH,NF,ZH_NF,0.777109648
D08,ZH,OF,ZH_OF,0.484332305
D08,ZH,OF,ZH_OF,0.295694027
D08,ZH,OF,ZH_OF,0.520360275
D08,ZH,OR,ZH_OR,0.515666463
D08,ZH,OR,ZH_OR,0.50643528
D08,ZH,OR,ZH_OR,0.525245354
D08,ZH,ZF,ZH_ZF,0.373147944
D08,ZH,ZF,ZH_ZF,0.507036272
D08,ZH,ZF,ZH_ZF,0.201463234
D08,ZH,ZH,ZH_ZH,0.062125544
D08,ZH,ZH,ZH_ZH,0.067575249
D08,ZH,ZR,ZH_ZR,0.368706245
D08,ZH,ZR,ZH_ZR,0.239605063
D08,ZH,ZR,ZH_ZR,0.305837726
D08,ZH,NF,ZH_NF,0.767463489
D08,ZH,NF,ZH_NF,0.654222485
D08,ZH,NF,ZH_NF,0.77427807
D08,ZH,OF,ZH_OF,0.478493736
D08,ZH,OF,ZH_OF,0.289916827
D08,ZH,OF,ZH_OF,0.513995723
D08,ZH,OR,ZH_OR,0.493946071
D08,ZH,OR,ZH_OR,0.470404831
D08,ZH,OR,ZH_OR,0.492881633
D08,ZH,ZF,ZH_ZF,0.369839738
D08,ZH,ZF,ZH_ZF,0.504827535
D08,ZH,ZF,ZH_ZF,0.177279492
D08,ZH,ZH,ZH_ZH,0.062125544
D08,ZH,ZH,ZH_ZH,0.039932787
D08,ZH,ZR,ZH_ZR,0.364645274
D08,ZH,ZR,ZH_ZR,0.214249562
D08,ZH,ZR,ZH_ZR,0.281336624
D08,ZH,NF,ZH_NF,0.758511013
D08,ZH,NF,ZH_NF,0.639098775
D08,ZH,NF,ZH_NF,0.759022507
D08,ZH,OF,ZH_OF,0.462742569
D08,ZH,OF,ZH_OF,0.275121094
D08,ZH,OF,ZH_OF,0.497529799
D08,ZH,OR,ZH_OR,0.495949527
D08,ZH,OR,ZH_OR,0.476955194
D08,ZH,OR,ZH_OR,0.503440449
D08,ZH,ZF,ZH_ZF,0.347909143
D08,ZH,ZF,ZH_ZF,0.484215111
D08,ZH,ZF,ZH_ZF,0.14517225
D08,ZH,ZH,ZH_ZH,0.067575249
D08,ZH,ZH,ZH_ZH,0.039932787
D08,ZH,ZR,ZH_ZR,0.344349712
D08,ZH,ZR,ZH_ZR,0.203058648
D08,ZH,ZR,ZH_ZR,0.274245846
D08,ZR,NF,ZR_NF,0.641433308
D08,ZR,NF,ZR_NF,0.389578974
D08,ZR,NF,ZR_NF,0.640316623
D08,ZR,OF,ZR_OF,0.365798112
D08,ZR,OF,ZR_OF,0.288684919
D08,ZR,OF,ZR_OF,0.377977275
D08,ZR,OR,ZR_OR,0.468640246
D08,ZR,OR,ZR_OR,0.415698658
D08,ZR,OR,ZR_OR,0.497316918
D08,ZR,ZF,ZR_ZF,0.185326346
D08,ZR,ZF,ZR_ZF,0.213832597
D08,ZR,ZF,ZR_ZF,0.249363823
D08,ZR,ZH,ZR_ZH,0.368706245
D08,ZR,ZH,ZR_ZH,0.364645274
D08,ZR,ZH,ZR_ZH,0.344349712
D08,ZR,ZR,ZR_ZR,0.205534815
D08,ZR,ZR,ZR_ZR,0.304476703
D08,ZR,NF,ZR_NF,0.714029094
D08,ZR,NF,ZR_NF,0.533174895
D08,ZR,NF,ZR_NF,0.716514864
D08,ZR,OF,ZR_OF,0.432483709
D08,ZR,OF,ZR_OF,0.247408934
D08,ZR,OF,ZR_OF,0.456374372
D08,ZR,OR,ZR_OR,0.447047048
D08,ZR,OR,ZR_OR,0.43228108
D08,ZR,OR,ZR_OR,0.4837512
D08,ZR,ZF,ZR_ZF,0.253014585
D08,ZR,ZF,ZR_ZF,0.388463074
D08,ZR,ZF,ZR_ZF,0.143791077
D08,ZR,ZH,ZR_ZH,0.239605063
D08,ZR,ZH,ZR_ZH,0.214249562
D08,ZR,ZH,ZR_ZH,0.203058648
D08,ZR,ZR,ZR_ZR,0.205534815
D08,ZR,ZR,ZR_ZR,0.224371006
D08,ZR,NF,ZR_NF,0.530249209
D08,ZR,NF,ZR_NF,0.456174549
D08,ZR,NF,ZR_NF,0.532795867
D08,ZR,OF,ZR_OF,0.248378242
D08,ZR,OF,ZR_OF,0.186686212
D08,ZR,OF,ZR_OF,0.276532331
D08,ZR,OR,ZR_OR,0.502538787
D08,ZR,OR,ZR_OR,0.492932933
D08,ZR,OR,ZR_OR,0.511502032
D08,ZR,ZF,ZR_ZF,0.293861738
D08,ZR,ZF,ZR_ZF,0.439215258
D08,ZR,ZF,ZR_ZF,0.180198796
D08,ZR,ZH,ZR_ZH,0.305837726
D08,ZR,ZH,ZR_ZH,0.281336624
D08,ZR,ZH,ZR_ZH,0.274245846
D08,ZR,ZR,ZR_ZR,0.304476703
D08,ZR,ZR,ZR_ZR,0.224371006
D09,NF,NF,NF_NF,0.056098713
D09,NF,NF,NF_NF,0.426952249
D09,NF,OF,NF_OF,0.23730501
D09,NF,OF,NF_OF,0.234199372
D09,NF,OF,NF_OF,0.206571965
D09,NF,OR,NF_OR,0.329392598
D09,NF,OR,NF_OR,0.444519422
D09,NF,OR,NF_OR,0.447961824
D09,NF,ZF,NF_ZF,0.315774136
D09,NF,ZF,NF_ZF,0.235845322
D09,NF,ZF,NF_ZF,0.236432111
D09,NF,ZH,NF_ZH,0.355879794
D09,NF,ZH,NF_ZH,0.539635304
D09,NF,ZH,NF_ZH,0.59564708
D09,NF,ZR,NF_ZR,0.319678703
D09,NF,ZR,NF_ZR,0.354849664
D09,NF,NF,NF_NF,0.056098713
D09,NF,NF,NF_NF,0.449646315
D09,NF,OF,NF_OF,0.27349362
D09,NF,OF,NF_OF,0.267320832
D09,NF,OF,NF_OF,0.242624773
D09,NF,OR,NF_OR,0.338684169
D09,NF,OR,NF_OR,0.441960563
D09,NF,OR,NF_OR,0.442980586
D09,NF,ZF,NF_ZF,0.325336235
D09,NF,ZF,NF_ZF,0.236809271
D09,NF,ZF,NF_ZF,0.247332925
D09,NF,ZH,NF_ZH,0.369715484
D09,NF,ZH,NF_ZH,0.552956076
D09,NF,ZH,NF_ZH,0.609141138
D09,NF,ZR,NF_ZR,0.327330159
D09,NF,ZR,NF_ZR,0.368592351
D09,NF,NF,NF_NF,0.426952249
D09,NF,NF,NF_NF,0.449646315
D09,NF,OF,NF_OF,0.376166794
D09,NF,OF,NF_OF,0.429342527
D09,NF,OF,NF_OF,0.382554763
D09,NF,OR,NF_OR,0.477293273
D09,NF,OR,NF_OR,0.575700273
D09,NF,OR,NF_OR,0.620295419
D09,NF,ZF,NF_ZF,0.518446052
D09,NF,ZF,NF_ZF,0.460675059
D09,NF,ZF,NF_ZF,0.448132169
D09,NF,ZH,NF_ZH,0.527720025
D09,NF,ZH,NF_ZH,0.736664991
D09,NF,ZH,NF_ZH,0.841053717
D09,NF,ZR,NF_ZR,0.563761138
D09,NF,ZR,NF_ZR,0.527719817
D09,OF,NF,OF_NF,0.23730501
D09,OF,NF,OF_NF,0.27349362
D09,OF,NF,OF_NF,0.376166794
D09,OF,OF,OF_OF,0.110018826
D09,OF,OF,OF_OF,0.045592358
D09,OF,OR,OF_OR,0.307834732
D09,OF,OR,OF_OR,0.430085616
D09,OF,OR,OF_OR,0.432119022
D09,OF,ZF,OF_ZF,0.18258082
D09,OF,ZF,OF_ZF,0.132715786
D09,OF,ZF,OF_ZF,0.113083605
D09,OF,ZH,OF_ZH,0.199763442
D09,OF,ZH,OF_ZH,0.387765596
D09,OF,ZH,OF_ZH,0.484858901
D09,OF,ZR,OF_ZR,0.22055197
D09,OF,ZR,OF_ZR,0.210270713
D09,OF,NF,OF_NF,0.234199372
D09,OF,NF,OF_NF,0.267320832
D09,OF,NF,OF_NF,0.429342527
D09,OF,OF,OF_OF,0.110018826
D09,OF,OF,OF_OF,0.124785242
D09,OF,OR,OF_OR,0.339943967
D09,OF,OR,OF_OR,0.463432059
D09,OF,OR,OF_OR,0.467176509
D09,OF,ZF,OF_ZF,0.164523257
D09,OF,ZF,OF_ZF,0.125755065
D09,OF,ZF,OF_ZF,0.112541134
D09,OF,ZH,OF_ZH,0.181598772
D09,OF,ZH,OF_ZH,0.356603412
D09,OF,ZH,OF_ZH,0.465128783
D09,OF,ZR,OF_ZR,0.204618469
D09,OF,ZR,OF_ZR,0.193692729
D09,OF,NF,OF_NF,0.206571965
D09,OF,NF,OF_NF,0.242624773
D09,OF,NF,OF_NF,0.382554763
D09,OF,OF,OF_OF,0.045592358
D09,OF,OF,OF_OF,0.124785242
D09,OF,OR,OF_OR,0.298098394
D09,OF,OR,OF_OR,0.421147371
D09,OF,OR,OF_OR,0.41654843
D09,OF,ZF,OF_ZF,0.20786722
D09,OF,ZF,OF_ZF,0.152264505
D09,OF,ZF,OF_ZF,0.134509927
D09,OF,ZH,OF_ZH,0.216820115
D09,OF,ZH,OF_ZH,0.399751127
D09,OF,ZH,OF_ZH,0.482120741
D09,OF,ZR,OF_ZR,0.242194667
D09,OF,ZR,OF_ZR,0.236313338
D09,OR,NF,OR_NF,0.329392598
D09,OR,NF,OR_NF,0.338684169
D09,OR,NF,OR_NF,0.477293273
D09,OR,OF,OR_OF,0.307834732
D09,OR,OF,OR_OF,0.339943967
D09,OR,OF,OR_OF,0.298098394
D09,OR,OR,OR_OR,0.137188492
D09,OR,OR,OR_OR,0.195043404
D09,OR,ZF,OR_ZF,0.398366587
D09,OR,ZF,OR_ZF,0.344478108
D09,OR,ZF,OR_ZF,0.326168346
D09,OR,ZH,OR_ZH,0.361291977
D09,OR,ZH,OR_ZH,0.555031837
D09,OR,ZH,OR_ZH,0.672044752
D09,OR,ZR,OR_ZR,0.432058389
D09,OR,ZR,OR_ZR,0.399009476
D09,OR,NF,OR_NF,0.444519422
D09,OR,NF,OR_NF,0.441960563
D09,OR,NF,OR_NF,0.575700273
D09,OR,OF,OR_OF,0.430085616
D09,OR,OF,OR_OF,0.463432059
D09,OR,OF,OR_OF,0.421147371
D09,OR,OR,OR_OR,0.137188492
D09,OR,OR,OR_OR,0.170311042
D09,OR,ZF,OR_ZF,0.449933772
D09,OR,ZF,OR_ZF,0.449983171
D09,OR,ZF,OR_ZF,0.446944435
D09,OR,ZH,OR_ZH,0.421732447
D09,OR,ZH,OR_ZH,0.537258885
D09,OR,ZH,OR_ZH,0.678643692
D09,OR,ZR,OR_ZR,0.454993333
D09,OR,ZR,OR_ZR,0.446001693
D09,OR,NF,OR_NF,0.447961824
D09,OR,NF,OR_NF,0.442980586
D09,OR,NF,OR_NF,0.620295419
D09,OR,OF,OR_OF,0.432119022
D09,OR,OF,OR_OF,0.467176509
D09,OR,OF,OR_OF,0.41654843
D09,OR,OR,OR_OR,0.195043404
D09,OR,OR,OR_OR,0.170311042
D09,OR,ZF,OR_ZF,0.441353735
D09,OR,ZF,OR_ZF,0.431079866
D09,OR,ZF,OR_ZF,0.42782444
D09,OR,ZH,OR_ZH,0.458560381
D09,OR,ZH,OR_ZH,0.522328459
D09,OR,ZH,OR_ZH,0.607143228
D09,OR,ZR,OR_ZR,0.413870632
D09,OR,ZR,OR_ZR,0.45348255
D09,ZF,NF,ZF_NF,0.315774136
D09,ZF,NF,ZF_NF,0.325336235
D09,ZF,NF,ZF_NF,0.518446052
D09,ZF,OF,ZF_OF,0.18258082
D09,ZF,OF,ZF_OF,0.164523257
D09,ZF,OF,ZF_OF,0.20786722
D09,ZF,OR,ZF_OR,0.398366587
D09,ZF,OR,ZF_OR,0.449933772
D09,ZF,OR,ZF_OR,0.441353735
D09,ZF,ZF,ZF_ZF,0.110251783
D09,ZF,ZF,ZF_ZF,0.095618401
D09,ZF,ZH,ZF_ZH,0.161076694
D09,ZF,ZH,ZF_ZH,0.356652494
D09,ZF,ZH,ZF_ZH,0.36624112
D09,ZF,ZR,ZF_ZR,0.06714395
D09,ZF,ZR,ZF_ZR,0.058304336
D09,ZF,NF,ZF_NF,0.235845322
D09,ZF,NF,ZF_NF,0.236809271
D09,ZF,NF,ZF_NF,0.460675059
D09,ZF,OF,ZF_OF,0.132715786
D09,ZF,OF,ZF_OF,0.125755065
D09,ZF,OF,ZF_OF,0.152264505
D09,ZF,OR,ZF_OR,0.344478108
D09,ZF,OR,ZF_OR,0.449983171
D09,ZF,OR,ZF_OR,0.431079866
D09,ZF,ZF,ZF_ZF,0.110251783
D09,ZF,ZF,ZF_ZF,0.042776803
D09,ZF,ZH,ZF_ZH,0.209263066
D09,ZF,ZH,ZF_ZH,0.412445509
D09,ZF,ZH,ZF_ZH,0.460619163
D09,ZF,ZR,ZF_ZR,0.122528788
D09,ZF,ZR,ZF_ZR,0.152326197
D09,ZF,NF,ZF_NF,0.236432111
D09,ZF,NF,ZF_NF,0.247332925
D09,ZF,NF,ZF_NF,0.448132169
D09,ZF,OF,ZF_OF,0.113083605
D09,ZF,OF,ZF_OF,0.112541134
D09,ZF,OF,ZF_OF,0.134509927
D09,ZF,OR,ZF_OR,0.326168346
D09,ZF,OR,ZF_OR,0.446944435
D09,ZF,OR,ZF_OR,0.42782444
D09,ZF,ZF,ZF_ZF,0.095618401
D09,ZF,ZF,ZF_ZF,0.042776803
D09,ZF,ZH,ZF_ZH,0.190972662
D09,ZF,ZH,ZF_ZH,0.400350384
D09,ZF,ZH,ZF_ZH,0.446056574
D09,ZF,ZR,ZF_ZR,0.127450833
D09,ZF,ZR,ZF_ZR,0.135551338
D09,ZH,NF,ZH_NF,0.355879794
D09,ZH,NF,ZH_NF,0.369715484
D09,ZH,NF,ZH_NF,0.527720025
D09,ZH,OF,ZH_OF,0.199763442
D09,ZH,OF,ZH_OF,0.181598772
D09,ZH,OF,ZH_OF,0.216820115
D09,ZH,OR,ZH_OR,0.361291977
D09,ZH,OR,ZH_OR,0.421732447
D09,ZH,OR,ZH_OR,0.458560381
D09,ZH,ZF,ZH_ZF,0.161076694
D09,ZH,ZF,ZH_ZF,0.209263066
D09,ZH,ZF,ZH_ZF,0.190972662
D09,ZH,ZH,ZH_ZH,0.23485734
D09,ZH,ZH,ZH_ZH,0.343599604
D09,ZH,ZR,ZH_ZR,0.192663564
D09,ZH,ZR,ZH_ZR,0.169139172
D09,ZH,NF,ZH_NF,0.539635304
D09,ZH,NF,ZH_NF,0.552956076
D09,ZH,NF,ZH_NF,0.736664991
D09,ZH,OF,ZH_OF,0.387765596
D09,ZH,OF,ZH_OF,0.356603412
D09,ZH,OF,ZH_OF,0.399751127
D09,ZH,OR,ZH_OR,0.555031837
D09,ZH,OR,ZH_OR,0.537258885
D09,ZH,OR,ZH_OR,0.522328459
D09,ZH,ZF,ZH_ZF,0.356652494
D09,ZH,ZF,ZH_ZF,0.412445509
D09,ZH,ZF,ZH_ZF,0.400350384
D09,ZH,ZH,ZH_ZH,0.23485734
D09,ZH,ZH,ZH_ZH,0.226954795
D09,ZH,ZR,ZH_ZR,0.336535282
D09,ZH,ZR,ZH_ZR,0.366328636
D09,ZH,NF,ZH_NF,0.59564708
D09,ZH,NF,ZH_NF,0.609141138
D09,ZH,NF,ZH_NF,0.841053717
D09,ZH,OF,ZH_OF,0.484858901
D09,ZH,OF,ZH_OF,0.465128783
D09,ZH,OF,ZH_OF,0.482120741
D09,ZH,OR,ZH_OR,0.672044752
D09,ZH,OR,ZH_OR,0.678643692
D09,ZH,OR,ZH_OR,0.607143228
D09,ZH,ZF,ZH_ZF,0.36624112
D09,ZH,ZF,ZH_ZF,0.460619163
D09,ZH,ZF,ZH_ZF,0.446056574
D09,ZH,ZH,ZH_ZH,0.343599604
D09,ZH,ZH,ZH_ZH,0.226954795
D09,ZH,ZR,ZH_ZR,0.349300243
D09,ZH,ZR,ZH_ZR,0.348849196
D09,ZR,NF,ZR_NF,0.319678703
D09,ZR,NF,ZR_NF,0.327330159
D09,ZR,NF,ZR_NF,0.563761138
D09,ZR,OF,ZR_OF,0.22055197
D09,ZR,OF,ZR_OF,0.204618469
D09,ZR,OF,ZR_OF,0.242194667
D09,ZR,OR,ZR_OR,0.432058389
D09,ZR,OR,ZR_OR,0.454993333
D09,ZR,OR,ZR_OR,0.413870632
D09,ZR,ZF,ZR_ZF,0.06714395
D09,ZR,ZF,ZR_ZF,0.122528788
D09,ZR,ZF,ZR_ZF,0.127450833
D09,ZR,ZH,ZR_ZH,0.192663564
D09,ZR,ZH,ZR_ZH,0.336535282
D09,ZR,ZH,ZR_ZH,0.349300243
D09,ZR,ZR,ZR_ZR,0.102877422
D09,ZR,NF,ZR_NF,0.354849664
D09,ZR,NF,ZR_NF,0.368592351
D09,ZR,NF,ZR_NF,0.527719817
D09,ZR,OF,ZR_OF,0.210270713
D09,ZR,OF,ZR_OF,0.193692729
D09,ZR,OF,ZR_OF,0.236313338
D09,ZR,OR,ZR_OR,0.399009476
D09,ZR,OR,ZR_OR,0.446001693
D09,ZR,OR,ZR_OR,0.45348255
D09,ZR,ZF,ZR_ZF,0.058304336
D09,ZR,ZF,ZR_ZF,0.152326197
D09,ZR,ZF,ZR_ZF,0.135551338
D09,ZR,ZH,ZR_ZH,0.169139172
D09,ZR,ZH,ZR_ZH,0.366328636
D09,ZR,ZH,ZR_ZH,0.348849196
D09,ZR,ZR,ZR_ZR,0.102877422
D10,NF,NF,NF_NF,0.483647598
D10,NF,NF,NF_NF,0.256317404
D10,NF,OF,NF_OF,0.577228822
D10,NF,OF,NF_OF,0.602957846
D10,NF,OF,NF_OF,0.593609137
D10,NF,ZF,NF_ZF,0.438128914
D10,NF,ZF,NF_ZF,0.425538434
D10,NF,ZF,NF_ZF,0.446163572
D10,NF,ZH,NF_ZH,0.740153734
D10,NF,ZH,NF_ZH,0.736176472
D10,NF,ZH,NF_ZH,0.750142284
D10,NF,ZR,NF_ZR,0.530522178
D10,NF,ZR,NF_ZR,0.575114883
D10,NF,ZR,NF_ZR,0.430541714
D10,NF,NF,NF_NF,0.483647598
D10,NF,NF,NF_NF,0.499654976
D10,NF,OF,NF_OF,0.477818092
D10,NF,OF,NF_OF,0.623060519
D10,NF,OF,NF_OF,0.610057652
D10,NF,ZF,NF_ZF,0.522813876
D10,NF,ZF,NF_ZF,0.49435298
D10,NF,ZF,NF_ZF,0.530184173
D10,NF,ZH,NF_ZH,0.776026539
D10,NF,ZH,NF_ZH,0.766086669
D10,NF,ZH,NF_ZH,0.783653831
D10,NF,ZR,NF_ZR,0.568442478
D10,NF,ZR,NF_ZR,0.580982537
D10,NF,ZR,NF_ZR,0.537237575
D10,NF,NF,NF_NF,0.256317404
D10,NF,NF,NF_NF,0.499654976
D10,NF,OF,NF_OF,0.54337815
D10,NF,OF,NF_OF,0.679153725
D10,NF,OF,NF_OF,0.670973737
D10,NF,ZF,NF_ZF,0.558119878
D10,NF,ZF,NF_ZF,0.549368199
D10,NF,ZF,NF_ZF,0.566134652
D10,NF,ZH,NF_ZH,0.815927043
D10,NF,ZH,NF_ZH,0.807280631
D10,NF,ZH,NF_ZH,0.824548371
D10,NF,ZR,NF_ZR,0.61285549
D10,NF,ZR,NF_ZR,0.66243169
D10,NF,ZR,NF_ZR,0.569000423
D10,OF,NF,OF_NF,0.577228822
D10,OF,NF,OF_NF,0.477818092
D10,OF,NF,OF_NF,0.54337815
D10,OF,OF,OF_OF,0.597215297
D10,OF,OF,OF_OF,0.591411427
D10,OF,ZF,OF_ZF,0.546623741
D10,OF,ZF,OF_ZF,0.538501597
D10,OF,ZF,OF_ZF,0.549331211
D10,OF,ZH,OF_ZH,0.728140801
D10,OF,ZH,OF_ZH,0.720561928
D10,OF,ZH,OF_ZH,0.737969231
D10,OF,ZR,OF_ZR,0.573109699
D10,OF,ZR,OF_ZR,0.588984866
D10,OF,ZR,OF_ZR,0.537008192
D10,OF,NF,OF_NF,0.602957846
D10,OF,NF,OF_NF,0.623060519
D10,OF,NF,OF_NF,0.679153725
D10,OF,OF,OF_OF,0.597215297
D10,OF,OF,OF_OF,0.03937906
D10,OF,ZF,OF_ZF,0.221293841
D10,OF,ZF,OF_ZF,0.23070959
D10,OF,ZF,OF_ZF,0.216296047
D10,OF,ZH,OF_ZH,0.191750064
D10,OF,ZH,OF_ZH,0.188221741
D10,OF,ZH,OF_ZH,0.195043131
D10,OF,ZR,OF_ZR,0.099200055
D10,OF,ZR,OF_ZR,0.082529274
D10,OF,ZR,OF_ZR,0.262390745
D10,OF,NF,OF_NF,0.593609137
D10,OF,NF,OF_NF,0.610057652
D10,OF,NF,OF_NF,0.670973737
D10,OF,OF,OF_OF,0.591411427
D10,OF,OF,OF_OF,0.03937906
D10,OF,ZF,OF_ZF,0.210024815
D10,OF,ZF,OF_ZF,0.224062432
D10,OF,ZF,OF_ZF,0.213556278
D10,OF,ZH,OF_ZH,0.203365984
D10,OF,ZH,OF_ZH,0.199793169
D10,OF,ZH,OF_ZH,0.207836932
D10,OF,ZR,OF_ZR,0.086502198
D10,OF,ZR,OF_ZR,0.084018367
D10,OF,ZR,OF_ZR,0.259192405
D10,ZF,NF,ZF_NF,0.438128914
D10,ZF,NF,ZF_NF,0.522813876
D10,ZF,NF,ZF_NF,0.558119878
D10,ZF,OF,ZF_OF,0.546623741
D10,ZF,OF,ZF_OF,0.221293841
D10,ZF,OF,ZF_OF,0.210024815
D10,ZF,ZF,ZF_ZF,0.05595032
D10,ZF,ZF,ZF_ZF,0.076651471
D10,ZF,ZH,ZF_ZH,0.399155104
D10,ZF,ZH,ZF_ZH,0.39571496
D10,ZF,ZH,ZF_ZH,0.402164461
D10,ZF,ZR,ZF_ZR,0.164755772
D10,ZF,ZR,ZF_ZR,0.184591175
D10,ZF,ZR,ZF_ZR,0.092836817
D10,ZF,NF,ZF_NF,0.425538434
D10,ZF,NF,ZF_NF,0.49435298
D10,ZF,NF,ZF_NF,0.549368199
D10,ZF,OF,ZF_OF,0.538501597
D10,ZF,OF,ZF_OF,0.23070959
D10,ZF,OF,ZF_OF,0.224062432
D10,ZF,ZF,ZF_ZF,0.05595032
D10,ZF,ZF,ZF_ZF,0.060941237
D10,ZF,ZH,ZF_ZH,0.410122744
D10,ZF,ZH,ZF_ZH,0.405605067
D10,ZF,ZH,ZF_ZH,0.41306516
D10,ZF,ZR,ZF_ZR,0.162134811
D10,ZF,ZR,ZF_ZR,0.18630956
D10,ZF,ZR,ZF_ZR,0.077162698
D10,ZF,NF,ZF_NF,0.446163572
D10,ZF,NF,ZF_NF,0.530184173
D10,ZF,NF,ZF_NF,0.566134652
D10,ZF,OF,ZF_OF,0.549331211
D10,ZF,OF,ZF_OF,0.216296047
D10,ZF,OF,ZF_OF,0.213556278
D10,ZF,ZF,ZF_ZF,0.076651471
D10,ZF,ZF,ZF_ZF,0.060941237
D10,ZF,ZH,ZF_ZH,0.381278226
D10,ZF,ZH,ZF_ZH,0.377872994
D10,ZF,ZH,ZF_ZH,0.383704953
D10,ZF,ZR,ZF_ZR,0.165305412
D10,ZF,ZR,ZF_ZR,0.182999345
D10,ZF,ZR,ZF_ZR,0.070214377
D10,ZH,NF,ZH_NF,0.740153734
D10,ZH,NF,ZH_NF,0.776026539
D10,ZH,NF,ZH_NF,0.815927043
D10,ZH,OF,ZH_OF,0.728140801
D10,ZH,OF,ZH_OF,0.191750064
D10,ZH,OF,ZH_OF,0.203365984
D10,ZH,ZF,ZH_ZF,0.399155104
D10,ZH,ZF,ZH_ZF,0.410122744
D10,ZH,ZF,ZH_ZF,0.381278226
D10,ZH,ZH,ZH_ZH,0.017395567
D10,ZH,ZH,ZH_ZH,0.017411409
D10,ZH,ZR,ZH_ZR,0.259452058
D10,ZH,ZR,ZH_ZR,0.239583024
D10,ZH,ZR,ZH_ZR,0.419894678
D10,ZH,NF,ZH_NF,0.736176472
D10,ZH,NF,ZH_NF,0.766086669
D10,ZH,NF,ZH_NF,0.807280631
D10,ZH,OF,ZH_OF,0.720561928
D10,ZH,OF,ZH_OF,0.188221741
D10,ZH,OF,ZH_OF,0.199793169
D10,ZH,ZF,ZH_ZF,0.39571496
D10,ZH,ZF,ZH_ZF,0.405605067
D10,ZH,ZF,ZH_ZF,0.377872994
D10,ZH,ZH,ZH_ZH,0.017395567
D10,ZH,ZH,ZH_ZH,0.021035019
D10,ZH,ZR,ZH_ZR,0.257259966
D10,ZH,ZR,ZH_ZR,0.235821233
D10,ZH,ZR,ZH_ZR,0.416451556
D10,ZH,NF,ZH_NF,0.750142284
D10,ZH,NF,ZH_NF,0.783653831
D10,ZH,NF,ZH_NF,0.824548371
D10,ZH,OF,ZH_OF,0.737969231
D10,ZH,OF,ZH_OF,0.195043131
D10,ZH,OF,ZH_OF,0.207836932
D10,ZH,ZF,ZH_ZF,0.402164461
D10,ZH,ZF,ZH_ZF,0.41306516
D10,ZH,ZF,ZH_ZF,0.383704953
D10,ZH,ZH,ZH_ZH,0.017411409
D10,ZH,ZH,ZH_ZH,0.021035019
D10,ZH,ZR,ZH_ZR,0.264853022
D10,ZH,ZR,ZH_ZR,0.24279933
D10,ZH,ZR,ZH_ZR,0.422573743
D10,ZR,NF,ZR_NF,0.530522178
D10,ZR,NF,ZR_NF,0.568442478
D10,ZR,NF,ZR_NF,0.61285549
D10,ZR,OF,ZR_OF,0.573109699
D10,ZR,OF,ZR_OF,0.099200055
D10,ZR,OF,ZR_OF,0.086502198
D10,ZR,ZF,ZR_ZF,0.164755772
D10,ZR,ZF,ZR_ZF,0.162134811
D10,ZR,ZF,ZR_ZF,0.165305412
D10,ZR,ZH,ZR_ZH,0.259452058
D10,ZR,ZH,ZR_ZH,0.257259966
D10,ZR,ZH,ZR_ZH,0.264853022
D10,ZR,ZR,ZR_ZR,0.060947649
D10,ZR,ZR,ZR_ZR,0.210788832
D10,ZR,NF,ZR_NF,0.575114883
D10,ZR,NF,ZR_NF,0.580982537
D10,ZR,NF,ZR_NF,0.66243169
D10,ZR,OF,ZR_OF,0.588984866
D10,ZR,OF,ZR_OF,0.082529274
D10,ZR,OF,ZR_OF,0.084018367
D10,ZR,ZF,ZR_ZF,0.184591175
D10,ZR,ZF,ZR_ZF,0.18630956
D10,ZR,ZF,ZR_ZF,0.182999345
D10,ZR,ZH,ZR_ZH,0.239583024
D10,ZR,ZH,ZR_ZH,0.235821233
D10,ZR,ZH,ZR_ZH,0.24279933
D10,ZR,ZR,ZR_ZR,0.060947649
D10,ZR,ZR,ZR_ZR,0.226798543
D10,ZR,NF,ZR_NF,0.430541714
D10,ZR,NF,ZR_NF,0.537237575
D10,ZR,NF,ZR_NF,0.569000423
D10,ZR,OF,ZR_OF,0.537008192
D10,ZR,OF,ZR_OF,0.262390745
D10,ZR,OF,ZR_OF,0.259192405
D10,ZR,ZF,ZR_ZF,0.092836817
D10,ZR,ZF,ZR_ZF,0.077162698
D10,ZR,ZF,ZR_ZF,0.070214377
D10,ZR,ZH,ZR_ZH,0.419894678
D10,ZR,ZH,ZR_ZH,0.416451556
D10,ZR,ZH,ZR_ZH,0.422573743
D10,ZR,ZR,ZR_ZR,0.210788832
D10,ZR,ZR,ZR_ZR,0.226798543